#
# There is insufficient memory for the Java Runtime Environment to continue.
# Native memory allocation (malloc) failed to allocate 1537776 bytes. Error detail: Chunk::new
# Possible reasons:
#   The system is out of physical RAM or swap space
#   This process is running with CompressedOops enabled, and the Java Heap may be blocking the growth of the native heap
# Possible solutions:
#   Reduce memory load on the system
#   Increase physical memory or swap space
#   Check if swap backing store is full
#   Decrease Java heap size (-Xmx/-Xms)
#   Decrease number of Java threads
#   Decrease Java thread stack sizes (-Xss)
#   Set larger code cache with -XX:ReservedCodeCacheSize=
#   JVM is running with Unscaled Compressed Oops mode in which the Java heap is
#     placed in the first 4GB address space. The Java Heap base address is the
#     maximum limit for the native heap growth. Please use -XX:HeapBaseMinAddress
#     to set the Java Heap base and to place the Java Heap above 4GB virtual address.
# This output file may be truncated or incomplete.
#
#  Out of Memory Error (arena.cpp:191), pid=27824, tid=36784
#
# JRE version: OpenJDK Runtime Environment Temurin-17.0.19+10 (17.0.19+10) (build 17.0.19+10)
# Java VM: OpenJDK 64-Bit Server VM Temurin-17.0.19+10 (17.0.19+10, mixed mode, sharing, tiered, compressed oops, compressed class ptrs, g1 gc, windows-amd64)
# No core dump will be written. Minidumps are not enabled by default on client versions of Windows
#

---------------  S U M M A R Y ------------

Command Line: --add-opens=java.base/java.lang=ALL-UNNAMED --add-opens=java.base/java.lang.invoke=ALL-UNNAMED --add-opens=java.base/java.util=ALL-UNNAMED --add-opens=java.prefs/java.util.prefs=ALL-UNNAMED --add-exports=jdk.compiler/com.sun.tools.javac.api=ALL-UNNAMED --add-exports=jdk.compiler/com.sun.tools.javac.util=ALL-UNNAMED --add-opens=java.base/java.util=ALL-UNNAMED --add-opens=java.prefs/java.util.prefs=ALL-UNNAMED --add-opens=java.base/java.nio.charset=ALL-UNNAMED --add-opens=java.base/java.net=ALL-UNNAMED --add-opens=java.base/java.util.concurrent=ALL-UNNAMED --add-opens=java.base/java.util.concurrent.atomic=ALL-UNNAMED --add-opens=java.xml/javax.xml.namespace=ALL-UNNAMED -XX:MaxMetaspaceSize=512m -Xmx2048m -Dfile.encoding=x-windows-949 -Duser.country=KR -Duser.language=ko -Duser.variant -javaagent:C:\Users\sadd2\.gradle\wrapper\dists\gradle-9.0.0-bin\d6wjpkvcgsg3oed0qlfss3wgl\gradle-9.0.0\lib\agents\gradle-instrumentation-agent-9.0.0.jar org.gradle.launcher.daemon.bootstrap.GradleDaemon 9.0.0

Host: AMD Ryzen 7 260 w/ Radeon 780M Graphics        , 16 cores, 31G,  Windows 11 , 64 bit Build 26100 (10.0.26100.9444)
Time: Sat Sep 19 19:19:40 2026  Windows 11 , 64 bit Build 26100 (10.0.26100.9444) elapsed time: 99.769628 seconds (0d 0h 1m 39s)

---------------  T H R E A D  ---------------

Current thread (0x000002a3e312af90):  JavaThread "C2 CompilerThread0" daemon [_thread_in_native, id=36784, stack(0x000000a962f00000,0x000000a963000000)]


Current CompileTask:
C2:99769 22659       4       javax.management.ObjectName::construct (1135 bytes)

Stack: [0x000000a962f00000,0x000000a963000000]
Native frames: (J=compiled Java code, j=interpreted, Vv=VM code, C=native code)
V  [jvm.dll+0x684b29]
V  [jvm.dll+0x83a2d5]
V  [jvm.dll+0x83bd4e]
V  [jvm.dll+0x83c3d3]
V  [jvm.dll+0x24905f]
V  [jvm.dll+0xad536]
V  [jvm.dll+0xadbdc]
V  [jvm.dll+0x368d4f]
V  [jvm.dll+0x3331d5]
V  [jvm.dll+0x33263a]
V  [jvm.dll+0x219e69]
V  [jvm.dll+0x2192af]
V  [jvm.dll+0x1a49f0]
V  [jvm.dll+0x2299fa]
V  [jvm.dll+0x227bab]
V  [jvm.dll+0x7f0a88]
V  [jvm.dll+0x7eaf1c]
V  [jvm.dll+0x6839f7]
C  [ucrtbase.dll+0x2cd30]
C  [KERNEL32.DLL+0x2cd87]
C  [ntdll.dll+0xacaec]


---------------  P R O C E S S  ---------------

Threads class SMR info:
_java_thread_list=0x000002a3f0ab4f10, length=246, elements={
0x000002a3a71ed870, 0x000002a3c7f43300, 0x000002a3c7f43bd0, 0x000002a3e3126910,
0x000002a3e31291f0, 0x000002a3e3129ac0, 0x000002a3e312a390, 0x000002a3e312af90,
0x000002a3e312d8b0, 0x000002a3e312e1c0, 0x000002a3c7f30e80, 0x000002a3e3305000,
0x000002a3e8286130, 0x000002a3e31fa2e0, 0x000002a3e3b27be0, 0x000002a3e88f3d30,
0x000002a3e3283a30, 0x000002a3e3283f40, 0x000002a3e32816c0, 0x000002a3e3284450,
0x000002a3e32820e0, 0x000002a3e3280ca0, 0x000002a3e3283520, 0x000002a3e32811b0,
0x000002a3e3281bd0, 0x000002a3e32825f0, 0x000002a3e3282b00, 0x000002a3e3283010,
0x000002a3ece4b840, 0x000002a3ece4d190, 0x000002a3ece4a910, 0x000002a3ece4c260,
0x000002a3ece4cc80, 0x000002a3ece4dbb0, 0x000002a3ece4b330, 0x000002a3ece4e0c0,
0x000002a3ece4e5d0, 0x000002a3ece4ae20, 0x000002a3ece50940, 0x000002a3ece4eae0,
0x000002a3ece4ff20, 0x000002a3ece51d80, 0x000002a3ece4eff0, 0x000002a3ece50e50,
0x000002a3ece4f500, 0x000002a3ece52290, 0x000002a3ece4fa10, 0x000002a3ece50430,
0x000002a3ece51360, 0x000002a3ece51870, 0x000002a3ee3f16a0, 0x000002a3ee3f0c80,
0x000002a3ee3f2ae0, 0x000002a3ee3f1190, 0x000002a3ee3f1bb0, 0x000002a3ee3f0260,
0x000002a3ee3efd50, 0x000002a3ee3f20c0, 0x000002a3ee3f25d0, 0x000002a3ee3f2ff0,
0x000002a3ee3ef840, 0x000002a3ee3f3500, 0x000002a3ee3f3a10, 0x000002a3ee3f3f20,
0x000002a3ee3f0770, 0x000002a3ee3f4940, 0x000002a3ee3f4e50, 0x000002a3ee3f71c0,
0x000002a3ee3f5d80, 0x000002a3ee3f6cb0, 0x000002a3ee3f5870, 0x000002a3ee3f5360,
0x000002a3ee3f6290, 0x000002a3ee3f67a0, 0x000002a3ee3f4430, 0x000002a3e9727c30,
0x000002a3e972b3e0, 0x000002a3e972a9c0, 0x000002a3e972a4b0, 0x000002a3e972aed0,
0x000002a3e9729070, 0x000002a3e9729a90, 0x000002a3e972b8f0, 0x000002a3e9728b60,
0x000002a3e9728140, 0x000002a3e972be00, 0x000002a3e9729580, 0x000002a3e972c310,
0x000002a3e972d750, 0x000002a3e9729fa0, 0x000002a3e972dc60, 0x000002a3e972e680,
0x000002a3e972e170, 0x000002a3e972eb90, 0x000002a3e972f0a0, 0x000002a3e972f5b0,
0x000002a3e9d6cc60, 0x000002a3e9d6f9f0, 0x000002a3e9d6eac0, 0x000002a3e9d6e0a0,
0x000002a3e9d6e5b0, 0x000002a3e9d6ff00, 0x000002a3e9d6f4e0, 0x000002a3e9d70410,
0x000002a3e9d70920, 0x000002a3e9d6d170, 0x000002a3e9d731a0, 0x000002a3e9d72c90,
0x000002a3e9d71d60, 0x000002a3e9d73bc0, 0x000002a3e9d736b0, 0x000002a3e9d740d0,
0x000002a3e9d71850, 0x000002a3e9d71340, 0x000002a3e9d745e0, 0x000002a3e9d72270,
0x000002a3e9d70e30, 0x000002a3e9d72780, 0x000002a3ebb46af0, 0x000002a3ebb43d60,
0x000002a3ebb451a0, 0x000002a3ebb460d0, 0x000002a3ebb465e0, 0x000002a3ebb43850,
0x000002a3ebb47510, 0x000002a3ebb47a20, 0x000002a3ebb47000, 0x000002a3ebb44270,
0x000002a3ebb45bc0, 0x000002a3ebb47f30, 0x000002a3ebb44780, 0x000002a3ebb48440,
0x000002a3ebb44c90, 0x000002a3ebb48e60, 0x000002a3ebb48950, 0x000002a3ebb456b0,
0x000002a3ebb49370, 0x000002a3ebb49d90, 0x000002a3ebb49880, 0x000002a3ebb4a2a0,
0x000002a3ebb4a7b0, 0x000002a3ebb4acc0, 0x000002a3ebb4b1d0, 0x000002a3eab7af70,
0x000002a3eab7c8c0, 0x000002a3eab7d2e0, 0x000002a3eab7b480, 0x000002a3eab7a550,
0x000002a3eab7a040, 0x000002a3eab7b990, 0x000002a3eab7dd00, 0x000002a3eab7bea0,
0x000002a3eab7c3b0, 0x000002a3eab7cdd0, 0x000002a3eab7aa60, 0x000002a3eab7f140,
0x000002a3eab7e210, 0x000002a3eab80fa0, 0x000002a3eab80a90, 0x000002a3eab7f650,
0x000002a3eab7fb60, 0x000002a3eab80070, 0x000002a3eab7d7f0, 0x000002a3eab814b0,
0x000002a3eab819c0, 0x000002a3eab7e720, 0x000002a3eab80580, 0x000002a3eab7ec30,
0x000002a3ead6d2b0, 0x000002a3ead6c890, 0x000002a3ead6b450, 0x000002a3ead6d7c0,
0x000002a3ead6cda0, 0x000002a3ead6b960, 0x000002a3ead6a520, 0x000002a3ead6aa30,
0x000002a3ead6af40, 0x000002a3ead6be70, 0x000002a3ead6a010, 0x000002a3ead6fb30,
0x000002a3ead6f620, 0x000002a3ead6c380, 0x000002a3ead6dcd0, 0x000002a3ead6e6f0,
0x000002a3ead71990, 0x000002a3ead70040, 0x000002a3ead70a60, 0x000002a3ead71480,
0x000002a3ead70f70, 0x000002a3ead6e1e0, 0x000002a3ead70550, 0x000002a3ead6ec00,
0x000002a3ead6f110, 0x000002a3e963a910, 0x000002a3e9639ef0, 0x000002a3e963a400,
0x000002a3e963ae20, 0x000002a3e9638090, 0x000002a3e96394d0, 0x000002a3e9638fc0,
0x000002a3e96399e0, 0x000002a3e9638ab0, 0x000002a3e963bd50, 0x000002a3e963b330,
0x000002a3e963b840, 0x000002a3e96385a0, 0x000002a3e963eae0, 0x000002a3e963cc80,
0x000002a3e963d190, 0x000002a3e963e0c0, 0x000002a3e963f500, 0x000002a3e963eff0,
0x000002a3e963d6a0, 0x000002a3e963fa10, 0x000002a3e963dbb0, 0x000002a3e963e5d0,
0x000002a3e963c260, 0x000002a3e963c770, 0x000002a3ecd889c0, 0x000002a3ecd8b240,
0x000002a3ecd884b0, 0x000002a3ecd87fa0, 0x000002a3ecd8c680, 0x000002a3ecd8a820,
0x000002a3ecd8b750, 0x000002a3ecd88ed0, 0x000002a3ecd8c170, 0x000002a3ecd8bc60,
0x000002a3ecd8cb90, 0x000002a3ecd893e0, 0x000002a3ecd898f0, 0x000002a3ecd8d5b0,
0x000002a3ecd8fe30, 0x000002a3ecd91270, 0x000002a3ecd8f410, 0x000002a3ecd90340,
0x000002a3ecd91c90, 0x000002a3ecd921a0, 0x000002a3ecd94000, 0x000002a3ecd935e0,
0x000002a3ecd926b0, 0x000002a3ecd93af0, 0x000002a3ecd90d60, 0x000002a3ecd91780,
0x000002a3ecd96370, 0x000002a3ecd8a310
}

Java Threads: ( => current thread )
  0x000002a3a71ed870 JavaThread "main" [_thread_blocked, id=35932, stack(0x000000a962200000,0x000000a962300000)]
  0x000002a3c7f43300 JavaThread "Reference Handler" daemon [_thread_blocked, id=37348, stack(0x000000a962900000,0x000000a962a00000)]
  0x000002a3c7f43bd0 JavaThread "Finalizer" daemon [_thread_blocked, id=10644, stack(0x000000a962a00000,0x000000a962b00000)]
  0x000002a3e3126910 JavaThread "Signal Dispatcher" daemon [_thread_blocked, id=4308, stack(0x000000a962b00000,0x000000a962c00000)]
  0x000002a3e31291f0 JavaThread "Attach Listener" daemon [_thread_blocked, id=17108, stack(0x000000a962c00000,0x000000a962d00000)]
  0x000002a3e3129ac0 JavaThread "Service Thread" daemon [_thread_blocked, id=25092, stack(0x000000a962d00000,0x000000a962e00000)]
  0x000002a3e312a390 JavaThread "Monitor Deflation Thread" daemon [_thread_blocked, id=34736, stack(0x000000a962e00000,0x000000a962f00000)]
=>0x000002a3e312af90 JavaThread "C2 CompilerThread0" daemon [_thread_in_native, id=36784, stack(0x000000a962f00000,0x000000a963000000)]
  0x000002a3e312d8b0 JavaThread "C1 CompilerThread0" daemon [_thread_blocked, id=7284, stack(0x000000a963000000,0x000000a963100000)]
  0x000002a3e312e1c0 JavaThread "Sweeper thread" daemon [_thread_blocked, id=37624, stack(0x000000a963100000,0x000000a963200000)]
  0x000002a3c7f30e80 JavaThread "Common-Cleaner" daemon [_thread_blocked, id=14276, stack(0x000000a963300000,0x000000a963400000)]
  0x000002a3e3305000 JavaThread "Notification Thread" daemon [_thread_blocked, id=36824, stack(0x000000a963500000,0x000000a963600000)]
  0x000002a3e8286130 JavaThread "Daemon health stats" [_thread_blocked, id=24452, stack(0x000000a963900000,0x000000a963a00000)]
  0x000002a3e31fa2e0 JavaThread "Incoming local TCP Connector on port 57169" [_thread_in_native, id=24040, stack(0x000000a963a00000,0x000000a963b00000)]
  0x000002a3e3b27be0 JavaThread "Daemon periodic checks" [_thread_blocked, id=23720, stack(0x000000a964600000,0x000000a964700000)]
  0x000002a3e88f3d30 JavaThread "Daemon" [_thread_blocked, id=34844, stack(0x000000a964700000,0x000000a964800000)]
  0x000002a3e3283a30 JavaThread "Handler for socket connection from /127.0.0.1:57169 to /127.0.0.1:57170" [_thread_in_native, id=15144, stack(0x000000a964800000,0x000000a964900000)]
  0x000002a3e3283f40 JavaThread "Cancel handler" [_thread_blocked, id=30388, stack(0x000000a964900000,0x000000a964a00000)]
  0x000002a3e32816c0 JavaThread "Daemon worker" [_thread_blocked, id=23980, stack(0x000000a964a00000,0x000000a964b00000)]
  0x000002a3e3284450 JavaThread "Asynchronous log dispatcher for DefaultDaemonConnection: socket connection from /127.0.0.1:57169 to /127.0.0.1:57170" [_thread_blocked, id=27572, stack(0x000000a964b00000,0x000000a964c00000)]
  0x000002a3e32820e0 JavaThread "Stdin handler" [_thread_blocked, id=4280, stack(0x000000a964c00000,0x000000a964d00000)]
  0x000002a3e3280ca0 JavaThread "Daemon client event forwarder" [_thread_blocked, id=20856, stack(0x000000a964d00000,0x000000a964e00000)]
  0x000002a3e3283520 JavaThread "Cache worker for journal cache (C:\Users\sadd2\.gradle\caches\journal-1)" [_thread_blocked, id=13112, stack(0x000000a964e00000,0x000000a964f00000)]
  0x000002a3e32811b0 JavaThread "File lock request listener" [_thread_in_native, id=34452, stack(0x000000a964f00000,0x000000a965000000)]
  0x000002a3e3281bd0 JavaThread "Cache worker for file hash cache (C:\Users\sadd2\.gradle\caches\9.0.0\fileHashes)" [_thread_blocked, id=19812, stack(0x000000a965000000,0x000000a965100000)]
  0x000002a3e32825f0 JavaThread "Cache worker for file hash cache (C:\Project\Pedigree_App\front\android\.gradle\9.0.0\fileHashes)" [_thread_blocked, id=5424, stack(0x000000a965500000,0x000000a965600000)]
  0x000002a3e3282b00 JavaThread "Cache worker for Build Output Cleanup Cache (C:\Project\Pedigree_App\front\android\.gradle\buildOutputCleanup)" [_thread_blocked, id=25248, stack(0x000000a965600000,0x000000a965700000)]
  0x000002a3e3283010 JavaThread "File watcher server" daemon [_thread_in_native, id=28792, stack(0x000000a965700000,0x000000a965800000)]
  0x000002a3ece4b840 JavaThread "File watcher consumer" daemon [_thread_blocked, id=29076, stack(0x000000a965800000,0x000000a965900000)]
  0x000002a3ece4d190 JavaThread "Cache worker for checksums cache (C:\Project\Pedigree_App\front\android\.gradle\9.0.0\checksums)" [_thread_blocked, id=31532, stack(0x000000a965100000,0x000000a965200000)]
  0x000002a3ece4a910 JavaThread "Cache worker for file content cache (C:\Users\sadd2\.gradle\caches\9.0.0\fileContent)" [_thread_blocked, id=5868, stack(0x000000a965a00000,0x000000a965b00000)]
  0x000002a3ece4c260 JavaThread "Cache worker for cache directory md-supplier (C:\Users\sadd2\.gradle\caches\9.0.0\md-supplier)" [_thread_blocked, id=25296, stack(0x000000a965b00000,0x000000a965c00000)]
  0x000002a3ece4cc80 JavaThread "Cache worker for cache directory md-rule (C:\Users\sadd2\.gradle\caches\9.0.0\md-rule)" [_thread_blocked, id=1600, stack(0x000000a965c00000,0x000000a965d00000)]
  0x000002a3ece4dbb0 JavaThread "jar transforms" [_thread_blocked, id=21116, stack(0x000000a965e00000,0x000000a965f00000)]
  0x000002a3ece4b330 JavaThread "Cache worker for Build Output Cleanup Cache (C:\Project\Pedigree_App\front\node_modules\@react-native\gradle-plugin\.gradle\buildOutputCleanup)" [_thread_blocked, id=30868, stack(0x000000a966100000,0x000000a966200000)]
  0x000002a3ece4e0c0 JavaThread "Unconstrained build operations" [_thread_blocked, id=31196, stack(0x000000a963200000,0x000000a963300000)]
  0x000002a3ece4e5d0 JavaThread "Unconstrained build operations Thread 2" [_thread_blocked, id=12952, stack(0x000000a965d00000,0x000000a965e00000)]
  0x000002a3ece4ae20 JavaThread "Unconstrained build operations Thread 3" [_thread_blocked, id=10860, stack(0x000000a965f00000,0x000000a966000000)]
  0x000002a3ece50940 JavaThread "Unconstrained build operations Thread 4" [_thread_blocked, id=2308, stack(0x000000a966000000,0x000000a966100000)]
  0x000002a3ece4eae0 JavaThread "Unconstrained build operations Thread 5" [_thread_blocked, id=29800, stack(0x000000a966300000,0x000000a966400000)]
  0x000002a3ece4ff20 JavaThread "Unconstrained build operations Thread 6" [_thread_blocked, id=33564, stack(0x000000a966400000,0x000000a966500000)]
  0x000002a3ece51d80 JavaThread "Unconstrained build operations Thread 7" [_thread_blocked, id=15036, stack(0x000000a966600000,0x000000a966700000)]
  0x000002a3ece4eff0 JavaThread "Unconstrained build operations Thread 8" [_thread_blocked, id=35944, stack(0x000000a966700000,0x000000a966800000)]
  0x000002a3ece50e50 JavaThread "Unconstrained build operations Thread 9" [_thread_blocked, id=7304, stack(0x000000a966800000,0x000000a966900000)]
  0x000002a3ece4f500 JavaThread "Unconstrained build operations Thread 10" [_thread_blocked, id=37744, stack(0x000000a966900000,0x000000a966a00000)]
  0x000002a3ece52290 JavaThread "Unconstrained build operations Thread 11" [_thread_blocked, id=36440, stack(0x000000a966a00000,0x000000a966b00000)]
  0x000002a3ece4fa10 JavaThread "Unconstrained build operations Thread 12" [_thread_blocked, id=1472, stack(0x000000a966b00000,0x000000a966c00000)]
  0x000002a3ece50430 JavaThread "Unconstrained build operations Thread 13" [_thread_blocked, id=17048, stack(0x000000a966c00000,0x000000a966d00000)]
  0x000002a3ece51360 JavaThread "Unconstrained build operations Thread 14" [_thread_blocked, id=20880, stack(0x000000a966d00000,0x000000a966e00000)]
  0x000002a3ece51870 JavaThread "Unconstrained build operations Thread 15" [_thread_blocked, id=19008, stack(0x000000a966e00000,0x000000a966f00000)]
  0x000002a3ee3f16a0 JavaThread "Unconstrained build operations Thread 16" [_thread_blocked, id=27056, stack(0x000000a966f00000,0x000000a967000000)]
  0x000002a3ee3f0c80 JavaThread "Unconstrained build operations Thread 17" [_thread_blocked, id=28508, stack(0x000000a967000000,0x000000a967100000)]
  0x000002a3ee3f2ae0 JavaThread "Unconstrained build operations Thread 18" [_thread_blocked, id=15280, stack(0x000000a967100000,0x000000a967200000)]
  0x000002a3ee3f1190 JavaThread "Unconstrained build operations Thread 19" [_thread_blocked, id=14324, stack(0x000000a967200000,0x000000a967300000)]
  0x000002a3ee3f1bb0 JavaThread "Unconstrained build operations Thread 20" [_thread_blocked, id=32344, stack(0x000000a967300000,0x000000a967400000)]
  0x000002a3ee3f0260 JavaThread "Unconstrained build operations Thread 21" [_thread_blocked, id=32104, stack(0x000000a967400000,0x000000a967500000)]
  0x000002a3ee3efd50 JavaThread "Unconstrained build operations Thread 22" [_thread_blocked, id=21436, stack(0x000000a967500000,0x000000a967600000)]
  0x000002a3ee3f20c0 JavaThread "Unconstrained build operations Thread 23" [_thread_blocked, id=23532, stack(0x000000a967600000,0x000000a967700000)]
  0x000002a3ee3f25d0 JavaThread "Unconstrained build operations Thread 24" [_thread_blocked, id=34932, stack(0x000000a967700000,0x000000a967800000)]
  0x000002a3ee3f2ff0 JavaThread "Unconstrained build operations Thread 25" [_thread_blocked, id=34488, stack(0x000000a967800000,0x000000a967900000)]
  0x000002a3ee3ef840 JavaThread "Unconstrained build operations Thread 26" [_thread_blocked, id=8456, stack(0x000000a967900000,0x000000a967a00000)]
  0x000002a3ee3f3500 JavaThread "Unconstrained build operations Thread 27" [_thread_blocked, id=27856, stack(0x000000a967a00000,0x000000a967b00000)]
  0x000002a3ee3f3a10 JavaThread "Unconstrained build operations Thread 28" [_thread_blocked, id=20656, stack(0x000000a967b00000,0x000000a967c00000)]
  0x000002a3ee3f3f20 JavaThread "Unconstrained build operations Thread 29" [_thread_blocked, id=27296, stack(0x000000a967c00000,0x000000a967d00000)]
  0x000002a3ee3f0770 JavaThread "Unconstrained build operations Thread 30" [_thread_blocked, id=12724, stack(0x000000a967d00000,0x000000a967e00000)]
  0x000002a3ee3f4940 JavaThread "Unconstrained build operations Thread 31" [_thread_blocked, id=18040, stack(0x000000a967e00000,0x000000a967f00000)]
  0x000002a3ee3f4e50 JavaThread "Unconstrained build operations Thread 32" [_thread_blocked, id=23780, stack(0x000000a967f00000,0x000000a968000000)]
  0x000002a3ee3f71c0 JavaThread "Unconstrained build operations Thread 33" [_thread_blocked, id=15320, stack(0x000000a968000000,0x000000a968100000)]
  0x000002a3ee3f5d80 JavaThread "Unconstrained build operations Thread 34" [_thread_blocked, id=37880, stack(0x000000a968100000,0x000000a968200000)]
  0x000002a3ee3f6cb0 JavaThread "Unconstrained build operations Thread 35" [_thread_blocked, id=29772, stack(0x000000a968200000,0x000000a968300000)]
  0x000002a3ee3f5870 JavaThread "Unconstrained build operations Thread 36" [_thread_blocked, id=11784, stack(0x000000a968300000,0x000000a968400000)]
  0x000002a3ee3f5360 JavaThread "Unconstrained build operations Thread 37" [_thread_blocked, id=33712, stack(0x000000a968400000,0x000000a968500000)]
  0x000002a3ee3f6290 JavaThread "Unconstrained build operations Thread 38" [_thread_blocked, id=19472, stack(0x000000a968500000,0x000000a968600000)]
  0x000002a3ee3f67a0 JavaThread "Unconstrained build operations Thread 39" [_thread_blocked, id=31116, stack(0x000000a968600000,0x000000a968700000)]
  0x000002a3ee3f4430 JavaThread "Unconstrained build operations Thread 40" [_thread_blocked, id=34048, stack(0x000000a968700000,0x000000a968800000)]
  0x000002a3e9727c30 JavaThread "Unconstrained build operations Thread 41" [_thread_blocked, id=18384, stack(0x000000a968800000,0x000000a968900000)]
  0x000002a3e972b3e0 JavaThread "Unconstrained build operations Thread 42" [_thread_blocked, id=33376, stack(0x000000a968900000,0x000000a968a00000)]
  0x000002a3e972a9c0 JavaThread "Unconstrained build operations Thread 43" [_thread_blocked, id=37848, stack(0x000000a968a00000,0x000000a968b00000)]
  0x000002a3e972a4b0 JavaThread "Unconstrained build operations Thread 44" [_thread_blocked, id=9868, stack(0x000000a968b00000,0x000000a968c00000)]
  0x000002a3e972aed0 JavaThread "Unconstrained build operations Thread 45" [_thread_blocked, id=2628, stack(0x000000a968c00000,0x000000a968d00000)]
  0x000002a3e9729070 JavaThread "Unconstrained build operations Thread 46" [_thread_blocked, id=20736, stack(0x000000a968d00000,0x000000a968e00000)]
  0x000002a3e9729a90 JavaThread "Unconstrained build operations Thread 47" [_thread_blocked, id=3804, stack(0x000000a968e00000,0x000000a968f00000)]
  0x000002a3e972b8f0 JavaThread "Unconstrained build operations Thread 48" [_thread_blocked, id=30444, stack(0x000000a968f00000,0x000000a969000000)]
  0x000002a3e9728b60 JavaThread "Unconstrained build operations Thread 49" [_thread_blocked, id=29332, stack(0x000000a969000000,0x000000a969100000)]
  0x000002a3e9728140 JavaThread "Unconstrained build operations Thread 50" [_thread_blocked, id=30176, stack(0x000000a969100000,0x000000a969200000)]
  0x000002a3e972be00 JavaThread "Unconstrained build operations Thread 51" [_thread_blocked, id=21428, stack(0x000000a969200000,0x000000a969300000)]
  0x000002a3e9729580 JavaThread "build event listener" [_thread_blocked, id=34144, stack(0x000000a969300000,0x000000a969400000)]
  0x000002a3e972c310 JavaThread "Memory manager" [_thread_blocked, id=34352, stack(0x000000a969500000,0x000000a969600000)]
  0x000002a3e972d750 JavaThread "ForkJoinPool.commonPool-worker-1" daemon [_thread_blocked, id=35688, stack(0x000000a969600000,0x000000a969700000)]
  0x000002a3e9729fa0 JavaThread "ForkJoinPool.commonPool-worker-2" daemon [_thread_blocked, id=30032, stack(0x000000a969700000,0x000000a969800000)]
  0x000002a3e972dc60 JavaThread "ForkJoinPool.commonPool-worker-3" daemon [_thread_blocked, id=20356, stack(0x000000a969800000,0x000000a969900000)]
  0x000002a3e972e680 JavaThread "ForkJoinPool.commonPool-worker-4" daemon [_thread_blocked, id=1988, stack(0x000000a969900000,0x000000a969a00000)]
  0x000002a3e972e170 JavaThread "ForkJoinPool.commonPool-worker-5" daemon [_thread_blocked, id=8888, stack(0x000000a969a00000,0x000000a969b00000)]
  0x000002a3e972eb90 JavaThread "ForkJoinPool.commonPool-worker-6" daemon [_thread_blocked, id=31308, stack(0x000000a969b00000,0x000000a969c00000)]
  0x000002a3e972f0a0 JavaThread "ForkJoinPool.commonPool-worker-7" daemon [_thread_blocked, id=27516, stack(0x000000a969c00000,0x000000a969d00000)]
  0x000002a3e972f5b0 JavaThread "ForkJoinPool.commonPool-worker-9" daemon [_thread_blocked, id=8408, stack(0x000000a969d00000,0x000000a969e00000)]
  0x000002a3e9d6cc60 JavaThread "ForkJoinPool.commonPool-worker-8" daemon [_thread_blocked, id=8272, stack(0x000000a969e00000,0x000000a969f00000)]
  0x000002a3e9d6f9f0 JavaThread "ForkJoinPool.commonPool-worker-10" daemon [_thread_blocked, id=24380, stack(0x000000a969f00000,0x000000a96a000000)]
  0x000002a3e9d6eac0 JavaThread "ForkJoinPool.commonPool-worker-11" daemon [_thread_blocked, id=14164, stack(0x000000a96a000000,0x000000a96a100000)]
  0x000002a3e9d6e0a0 JavaThread "included builds" [_thread_blocked, id=35576, stack(0x000000a963700000,0x000000a963800000)]
  0x000002a3e9d6e5b0 JavaThread "Execution worker" [_thread_blocked, id=26444, stack(0x000000a963800000,0x000000a963900000)]
  0x000002a3e9d6ff00 JavaThread "Execution worker Thread 2" [_thread_blocked, id=15004, stack(0x000000a966500000,0x000000a966600000)]
  0x000002a3e9d6f4e0 JavaThread "Execution worker Thread 3" [_thread_blocked, id=16640, stack(0x000000a96a300000,0x000000a96a400000)]
  0x000002a3e9d70410 JavaThread "Execution worker Thread 4" [_thread_blocked, id=3868, stack(0x000000a96a400000,0x000000a96a500000)]
  0x000002a3e9d70920 JavaThread "Execution worker Thread 5" [_thread_blocked, id=37484, stack(0x000000a96a500000,0x000000a96a600000)]
  0x000002a3e9d6d170 JavaThread "Execution worker Thread 6" [_thread_blocked, id=9568, stack(0x000000a96a600000,0x000000a96a700000)]
  0x000002a3e9d731a0 JavaThread "Execution worker Thread 7" [_thread_blocked, id=15580, stack(0x000000a96a700000,0x000000a96a800000)]
  0x000002a3e9d72c90 JavaThread "Execution worker Thread 8" [_thread_blocked, id=18408, stack(0x000000a96a800000,0x000000a96a900000)]
  0x000002a3e9d71d60 JavaThread "Execution worker Thread 9" [_thread_blocked, id=30468, stack(0x000000a96a900000,0x000000a96aa00000)]
  0x000002a3e9d73bc0 JavaThread "Execution worker Thread 10" [_thread_blocked, id=28268, stack(0x000000a96aa00000,0x000000a96ab00000)]
  0x000002a3e9d736b0 JavaThread "Execution worker Thread 11" [_thread_blocked, id=19952, stack(0x000000a96ab00000,0x000000a96ac00000)]
  0x000002a3e9d740d0 JavaThread "Execution worker Thread 12" [_thread_blocked, id=30260, stack(0x000000a96ac00000,0x000000a96ad00000)]
  0x000002a3e9d71850 JavaThread "Execution worker Thread 13" [_thread_blocked, id=28432, stack(0x000000a96ad00000,0x000000a96ae00000)]
  0x000002a3e9d71340 JavaThread "Execution worker Thread 14" [_thread_blocked, id=37500, stack(0x000000a96ae00000,0x000000a96af00000)]
  0x000002a3e9d745e0 JavaThread "Execution worker Thread 15" [_thread_blocked, id=28012, stack(0x000000a96af00000,0x000000a96b000000)]
  0x000002a3e9d72270 JavaThread "Cache worker for execution history cache (C:\Project\Pedigree_App\front\node_modules\@react-native\gradle-plugin\.gradle\9.0.0\executionHistory)" [_thread_blocked, id=38084, stack(0x000000a96b000000,0x000000a96b100000)]
  0x000002a3e9d70e30 JavaThread "Unconstrained build operations Thread 52" [_thread_blocked, id=27944, stack(0x000000a96b200000,0x000000a96b300000)]
  0x000002a3e9d72780 JavaThread "Unconstrained build operations Thread 53" [_thread_blocked, id=12092, stack(0x000000a96b300000,0x000000a96b400000)]
  0x000002a3ebb46af0 JavaThread "Unconstrained build operations Thread 54" [_thread_blocked, id=3936, stack(0x000000a96b400000,0x000000a96b500000)]
  0x000002a3ebb43d60 JavaThread "Unconstrained build operations Thread 55" [_thread_blocked, id=35620, stack(0x000000a96b500000,0x000000a96b600000)]
  0x000002a3ebb451a0 JavaThread "Unconstrained build operations Thread 56" [_thread_blocked, id=5388, stack(0x000000a96b600000,0x000000a96b700000)]
  0x000002a3ebb460d0 JavaThread "Unconstrained build operations Thread 57" [_thread_blocked, id=19420, stack(0x000000a96b700000,0x000000a96b800000)]
  0x000002a3ebb465e0 JavaThread "Unconstrained build operations Thread 58" [_thread_blocked, id=14044, stack(0x000000a96b800000,0x000000a96b900000)]
  0x000002a3ebb43850 JavaThread "Unconstrained build operations Thread 59" [_thread_blocked, id=18560, stack(0x000000a96b900000,0x000000a96ba00000)]
  0x000002a3ebb47510 JavaThread "Unconstrained build operations Thread 60" [_thread_blocked, id=10856, stack(0x000000a96ba00000,0x000000a96bb00000)]
  0x000002a3ebb47a20 JavaThread "Unconstrained build operations Thread 61" [_thread_blocked, id=36904, stack(0x000000a96bd00000,0x000000a96be00000)]
  0x000002a3ebb47000 JavaThread "Unconstrained build operations Thread 62" [_thread_blocked, id=26720, stack(0x000000a96be00000,0x000000a96bf00000)]
  0x000002a3ebb44270 JavaThread "Unconstrained build operations Thread 63" [_thread_blocked, id=26472, stack(0x000000a96bf00000,0x000000a96c000000)]
  0x000002a3ebb45bc0 JavaThread "Unconstrained build operations Thread 64" [_thread_blocked, id=37564, stack(0x000000a96c000000,0x000000a96c100000)]
  0x000002a3ebb47f30 JavaThread "Unconstrained build operations Thread 65" [_thread_blocked, id=34544, stack(0x000000a96c100000,0x000000a96c200000)]
  0x000002a3ebb44780 JavaThread "Unconstrained build operations Thread 66" [_thread_blocked, id=36116, stack(0x000000a96c200000,0x000000a96c300000)]
  0x000002a3ebb48440 JavaThread "Unconstrained build operations Thread 67" [_thread_blocked, id=480, stack(0x000000a96c300000,0x000000a96c400000)]
  0x000002a3ebb44c90 JavaThread "Unconstrained build operations Thread 68" [_thread_blocked, id=20388, stack(0x000000a96c400000,0x000000a96c500000)]
  0x000002a3ebb48e60 JavaThread "Unconstrained build operations Thread 69" [_thread_blocked, id=25212, stack(0x000000a96c500000,0x000000a96c600000)]
  0x000002a3ebb48950 JavaThread "Unconstrained build operations Thread 70" [_thread_blocked, id=2032, stack(0x000000a96c600000,0x000000a96c700000)]
  0x000002a3ebb456b0 JavaThread "Unconstrained build operations Thread 71" [_thread_blocked, id=38288, stack(0x000000a96c700000,0x000000a96c800000)]
  0x000002a3ebb49370 JavaThread "Unconstrained build operations Thread 72" [_thread_blocked, id=23788, stack(0x000000a96c800000,0x000000a96c900000)]
  0x000002a3ebb49d90 JavaThread "Unconstrained build operations Thread 73" [_thread_blocked, id=27528, stack(0x000000a96c900000,0x000000a96ca00000)]
  0x000002a3ebb49880 JavaThread "Unconstrained build operations Thread 74" [_thread_blocked, id=27360, stack(0x000000a96ca00000,0x000000a96cb00000)]
  0x000002a3ebb4a2a0 JavaThread "Unconstrained build operations Thread 75" [_thread_blocked, id=34612, stack(0x000000a96cb00000,0x000000a96cc00000)]
  0x000002a3ebb4a7b0 JavaThread "Unconstrained build operations Thread 76" [_thread_blocked, id=31440, stack(0x000000a96cc00000,0x000000a96cd00000)]
  0x000002a3ebb4acc0 JavaThread "Unconstrained build operations Thread 77" [_thread_blocked, id=12972, stack(0x000000a96cd00000,0x000000a96ce00000)]
  0x000002a3ebb4b1d0 JavaThread "Unconstrained build operations Thread 78" [_thread_blocked, id=7244, stack(0x000000a96ce00000,0x000000a96cf00000)]
  0x000002a3eab7af70 JavaThread "Unconstrained build operations Thread 79" [_thread_blocked, id=32012, stack(0x000000a96cf00000,0x000000a96d000000)]
  0x000002a3eab7c8c0 JavaThread "Unconstrained build operations Thread 80" [_thread_blocked, id=37256, stack(0x000000a96d000000,0x000000a96d100000)]
  0x000002a3eab7d2e0 JavaThread "Unconstrained build operations Thread 81" [_thread_blocked, id=31336, stack(0x000000a96d100000,0x000000a96d200000)]
  0x000002a3eab7b480 JavaThread "Unconstrained build operations Thread 82" [_thread_blocked, id=24952, stack(0x000000a96d200000,0x000000a96d300000)]
  0x000002a3eab7a550 JavaThread "Unconstrained build operations Thread 83" [_thread_blocked, id=36156, stack(0x000000a96d300000,0x000000a96d400000)]
  0x000002a3eab7a040 JavaThread "Unconstrained build operations Thread 84" [_thread_blocked, id=9972, stack(0x000000a96d400000,0x000000a96d500000)]
  0x000002a3eab7b990 JavaThread "Unconstrained build operations Thread 85" [_thread_blocked, id=23688, stack(0x000000a96d500000,0x000000a96d600000)]
  0x000002a3eab7dd00 JavaThread "Unconstrained build operations Thread 86" [_thread_blocked, id=28280, stack(0x000000a96d600000,0x000000a96d700000)]
  0x000002a3eab7bea0 JavaThread "Unconstrained build operations Thread 87" [_thread_blocked, id=31132, stack(0x000000a96d700000,0x000000a96d800000)]
  0x000002a3eab7c3b0 JavaThread "Unconstrained build operations Thread 88" [_thread_blocked, id=27948, stack(0x000000a96d800000,0x000000a96d900000)]
  0x000002a3eab7cdd0 JavaThread "Unconstrained build operations Thread 89" [_thread_blocked, id=36368, stack(0x000000a96d900000,0x000000a96da00000)]
  0x000002a3eab7aa60 JavaThread "Unconstrained build operations Thread 90" [_thread_blocked, id=1348, stack(0x000000a96da00000,0x000000a96db00000)]
  0x000002a3eab7f140 JavaThread "Unconstrained build operations Thread 91" [_thread_blocked, id=28684, stack(0x000000a96db00000,0x000000a96dc00000)]
  0x000002a3eab7e210 JavaThread "Unconstrained build operations Thread 92" [_thread_blocked, id=29008, stack(0x000000a96dc00000,0x000000a96dd00000)]
  0x000002a3eab80fa0 JavaThread "Unconstrained build operations Thread 93" [_thread_blocked, id=30152, stack(0x000000a96dd00000,0x000000a96de00000)]
  0x000002a3eab80a90 JavaThread "Unconstrained build operations Thread 94" [_thread_blocked, id=15384, stack(0x000000a96de00000,0x000000a96df00000)]
  0x000002a3eab7f650 JavaThread "Unconstrained build operations Thread 95" [_thread_blocked, id=15416, stack(0x000000a96df00000,0x000000a96e000000)]
  0x000002a3eab7fb60 JavaThread "Unconstrained build operations Thread 96" [_thread_blocked, id=11560, stack(0x000000a96e000000,0x000000a96e100000)]
  0x000002a3eab80070 JavaThread "Unconstrained build operations Thread 97" [_thread_blocked, id=33616, stack(0x000000a96e200000,0x000000a96e300000)]
  0x000002a3eab7d7f0 JavaThread "Unconstrained build operations Thread 98" [_thread_blocked, id=34348, stack(0x000000a96e300000,0x000000a96e400000)]
  0x000002a3eab814b0 JavaThread "Unconstrained build operations Thread 99" [_thread_blocked, id=31984, stack(0x000000a96e400000,0x000000a96e500000)]
  0x000002a3eab819c0 JavaThread "Unconstrained build operations Thread 100" [_thread_blocked, id=25376, stack(0x000000a96e500000,0x000000a96e600000)]
  0x000002a3eab7e720 JavaThread "Unconstrained build operations Thread 101" [_thread_blocked, id=34104, stack(0x000000a96e600000,0x000000a96e700000)]
  0x000002a3eab80580 JavaThread "Unconstrained build operations Thread 102" [_thread_blocked, id=32756, stack(0x000000a96e700000,0x000000a96e800000)]
  0x000002a3eab7ec30 JavaThread "Unconstrained build operations Thread 103" [_thread_blocked, id=25176, stack(0x000000a96e800000,0x000000a96e900000)]
  0x000002a3ead6d2b0 JavaThread "Unconstrained build operations Thread 104" [_thread_blocked, id=19604, stack(0x000000a96e900000,0x000000a96ea00000)]
  0x000002a3ead6c890 JavaThread "Unconstrained build operations Thread 105" [_thread_blocked, id=4500, stack(0x000000a96ea00000,0x000000a96eb00000)]
  0x000002a3ead6b450 JavaThread "Unconstrained build operations Thread 106" [_thread_blocked, id=30140, stack(0x000000a96eb00000,0x000000a96ec00000)]
  0x000002a3ead6d7c0 JavaThread "Unconstrained build operations Thread 107" [_thread_blocked, id=29536, stack(0x000000a96ec00000,0x000000a96ed00000)]
  0x000002a3ead6cda0 JavaThread "Unconstrained build operations Thread 108" [_thread_blocked, id=27208, stack(0x000000a96ed00000,0x000000a96ee00000)]
  0x000002a3ead6b960 JavaThread "Unconstrained build operations Thread 109" [_thread_blocked, id=20300, stack(0x000000a96ee00000,0x000000a96ef00000)]
  0x000002a3ead6a520 JavaThread "Unconstrained build operations Thread 110" [_thread_blocked, id=10584, stack(0x000000a96ef00000,0x000000a96f000000)]
  0x000002a3ead6aa30 JavaThread "Unconstrained build operations Thread 111" [_thread_blocked, id=28596, stack(0x000000a96f000000,0x000000a96f100000)]
  0x000002a3ead6af40 JavaThread "Unconstrained build operations Thread 112" [_thread_blocked, id=28132, stack(0x000000a96f100000,0x000000a96f200000)]
  0x000002a3ead6be70 JavaThread "Unconstrained build operations Thread 113" [_thread_blocked, id=35112, stack(0x000000a96f200000,0x000000a96f300000)]
  0x000002a3ead6a010 JavaThread "Unconstrained build operations Thread 114" [_thread_blocked, id=17668, stack(0x000000a96f300000,0x000000a96f400000)]
  0x000002a3ead6fb30 JavaThread "Unconstrained build operations Thread 115" [_thread_blocked, id=28956, stack(0x000000a96f400000,0x000000a96f500000)]
  0x000002a3ead6f620 JavaThread "Unconstrained build operations Thread 116" [_thread_blocked, id=33728, stack(0x000000a96f500000,0x000000a96f600000)]
  0x000002a3ead6c380 JavaThread "Unconstrained build operations Thread 117" [_thread_blocked, id=26324, stack(0x000000a96f600000,0x000000a96f700000)]
  0x000002a3ead6dcd0 JavaThread "Unconstrained build operations Thread 118" [_thread_blocked, id=24068, stack(0x000000a96f700000,0x000000a96f800000)]
  0x000002a3ead6e6f0 JavaThread "Unconstrained build operations Thread 119" [_thread_blocked, id=8292, stack(0x000000a96f800000,0x000000a96f900000)]
  0x000002a3ead71990 JavaThread "Unconstrained build operations Thread 120" [_thread_blocked, id=11548, stack(0x000000a96f900000,0x000000a96fa00000)]
  0x000002a3ead70040 JavaThread "Unconstrained build operations Thread 121" [_thread_blocked, id=28420, stack(0x000000a96fa00000,0x000000a96fb00000)]
  0x000002a3ead70a60 JavaThread "Unconstrained build operations Thread 122" [_thread_blocked, id=31912, stack(0x000000a96fb00000,0x000000a96fc00000)]
  0x000002a3ead71480 JavaThread "Unconstrained build operations Thread 123" [_thread_blocked, id=32404, stack(0x000000a96fc00000,0x000000a96fd00000)]
  0x000002a3ead70f70 JavaThread "Unconstrained build operations Thread 124" [_thread_blocked, id=11236, stack(0x000000a96fd00000,0x000000a96fe00000)]
  0x000002a3ead6e1e0 JavaThread "Unconstrained build operations Thread 125" [_thread_blocked, id=22832, stack(0x000000a96fe00000,0x000000a96ff00000)]
  0x000002a3ead70550 JavaThread "Unconstrained build operations Thread 126" [_thread_blocked, id=7232, stack(0x000000a96ff00000,0x000000a970000000)]
  0x000002a3ead6ec00 JavaThread "Unconstrained build operations Thread 127" [_thread_blocked, id=26928, stack(0x000000a970000000,0x000000a970100000)]
  0x000002a3ead6f110 JavaThread "Unconstrained build operations Thread 128" [_thread_blocked, id=4692, stack(0x000000a970100000,0x000000a970200000)]
  0x000002a3e963a910 JavaThread "jar transforms Thread 2" [_thread_blocked, id=37644, stack(0x000000a970200000,0x000000a970300000)]
  0x000002a3e9639ef0 JavaThread "jar transforms Thread 3" [_thread_blocked, id=24056, stack(0x000000a96e100000,0x000000a96e200000)]
  0x000002a3e963a400 JavaThread "Unconstrained build operations Thread 129" [_thread_blocked, id=24164, stack(0x000000a970300000,0x000000a970400000)]
  0x000002a3e963ae20 JavaThread "Unconstrained build operations Thread 130" [_thread_blocked, id=2484, stack(0x000000a970400000,0x000000a970500000)]
  0x000002a3e9638090 JavaThread "Unconstrained build operations Thread 131" [_thread_blocked, id=31600, stack(0x000000a970500000,0x000000a970600000)]
  0x000002a3e96394d0 JavaThread "Unconstrained build operations Thread 132" [_thread_blocked, id=17488, stack(0x000000a970600000,0x000000a970700000)]
  0x000002a3e9638fc0 JavaThread "Unconstrained build operations Thread 133" [_thread_blocked, id=27280, stack(0x000000a970700000,0x000000a970800000)]
  0x000002a3e96399e0 JavaThread "Unconstrained build operations Thread 134" [_thread_blocked, id=20420, stack(0x000000a970800000,0x000000a970900000)]
  0x000002a3e9638ab0 JavaThread "Unconstrained build operations Thread 135" [_thread_blocked, id=34644, stack(0x000000a970900000,0x000000a970a00000)]
  0x000002a3e963bd50 JavaThread "Unconstrained build operations Thread 136" [_thread_blocked, id=28568, stack(0x000000a970a00000,0x000000a970b00000)]
  0x000002a3e963b330 JavaThread "Unconstrained build operations Thread 137" [_thread_blocked, id=18812, stack(0x000000a970b00000,0x000000a970c00000)]
  0x000002a3e963b840 JavaThread "Unconstrained build operations Thread 138" [_thread_blocked, id=4588, stack(0x000000a970c00000,0x000000a970d00000)]
  0x000002a3e96385a0 JavaThread "Unconstrained build operations Thread 139" [_thread_blocked, id=34184, stack(0x000000a970d00000,0x000000a970e00000)]
  0x000002a3e963eae0 JavaThread "Unconstrained build operations Thread 140" [_thread_blocked, id=33708, stack(0x000000a970e00000,0x000000a970f00000)]
  0x000002a3e963cc80 JavaThread "Unconstrained build operations Thread 141" [_thread_blocked, id=18796, stack(0x000000a970f00000,0x000000a971000000)]
  0x000002a3e963d190 JavaThread "Unconstrained build operations Thread 142" [_thread_blocked, id=24188, stack(0x000000a971000000,0x000000a971100000)]
  0x000002a3e963e0c0 JavaThread "Unconstrained build operations Thread 143" [_thread_blocked, id=33904, stack(0x000000a971100000,0x000000a971200000)]
  0x000002a3e963f500 JavaThread "Unconstrained build operations Thread 144" [_thread_blocked, id=36244, stack(0x000000a971200000,0x000000a971300000)]
  0x000002a3e963eff0 JavaThread "Unconstrained build operations Thread 145" [_thread_blocked, id=31080, stack(0x000000a971300000,0x000000a971400000)]
  0x000002a3e963d6a0 JavaThread "Unconstrained build operations Thread 146" [_thread_blocked, id=35500, stack(0x000000a971400000,0x000000a971500000)]
  0x000002a3e963fa10 JavaThread "Unconstrained build operations Thread 147" [_thread_blocked, id=37192, stack(0x000000a971500000,0x000000a971600000)]
  0x000002a3e963dbb0 JavaThread "Unconstrained build operations Thread 148" [_thread_blocked, id=33832, stack(0x000000a971600000,0x000000a971700000)]
  0x000002a3e963e5d0 JavaThread "Unconstrained build operations Thread 149" [_thread_blocked, id=27088, stack(0x000000a971700000,0x000000a971800000)]
  0x000002a3e963c260 JavaThread "Unconstrained build operations Thread 150" [_thread_blocked, id=12080, stack(0x000000a971800000,0x000000a971900000)]
  0x000002a3e963c770 JavaThread "Unconstrained build operations Thread 151" [_thread_blocked, id=13060, stack(0x000000a971900000,0x000000a971a00000)]
  0x000002a3ecd889c0 JavaThread "Unconstrained build operations Thread 152" [_thread_blocked, id=9336, stack(0x000000a971a00000,0x000000a971b00000)]
  0x000002a3ecd8b240 JavaThread "Unconstrained build operations Thread 153" [_thread_blocked, id=12728, stack(0x000000a971b00000,0x000000a971c00000)]
  0x000002a3ecd884b0 JavaThread "Unconstrained build operations Thread 154" [_thread_blocked, id=21320, stack(0x000000a971c00000,0x000000a971d00000)]
  0x000002a3ecd87fa0 JavaThread "Unconstrained build operations Thread 155" [_thread_blocked, id=30304, stack(0x000000a971d00000,0x000000a971e00000)]
  0x000002a3ecd8c680 JavaThread "Unconstrained build operations Thread 156" [_thread_blocked, id=31192, stack(0x000000a972000000,0x000000a972100000)]
  0x000002a3ecd8a820 JavaThread "Unconstrained build operations Thread 157" [_thread_blocked, id=10972, stack(0x000000a972100000,0x000000a972200000)]
  0x000002a3ecd8b750 JavaThread "Unconstrained build operations Thread 158" [_thread_blocked, id=27784, stack(0x000000a972200000,0x000000a972300000)]
  0x000002a3ecd88ed0 JavaThread "Unconstrained build operations Thread 159" [_thread_blocked, id=29028, stack(0x000000a972300000,0x000000a972400000)]
  0x000002a3ecd8c170 JavaThread "Unconstrained build operations Thread 160" [_thread_blocked, id=10620, stack(0x000000a972400000,0x000000a972500000)]
  0x000002a3ecd8bc60 JavaThread "jar transforms Thread 4" [_thread_blocked, id=34460, stack(0x000000a972600000,0x000000a972700000)]
  0x000002a3ecd8cb90 JavaThread "jar transforms Thread 5" [_thread_blocked, id=33248, stack(0x000000a963400000,0x000000a963500000)]
  0x000002a3ecd893e0 JavaThread "jar transforms Thread 6" [_thread_blocked, id=34812, stack(0x000000a96b100000,0x000000a96b200000)]
  0x000002a3ecd898f0 JavaThread "build event listener" [_thread_blocked, id=30648, stack(0x000000a972900000,0x000000a972a00000)]
  0x000002a3ecd8d5b0 JavaThread "Problems report writer" [_thread_blocked, id=19328, stack(0x000000a972a00000,0x000000a972b00000)]
  0x000002a3ecd8fe30 JavaThread "jar transforms Thread 7" [_thread_blocked, id=12956, stack(0x000000a972c00000,0x000000a972d00000)]
  0x000002a3ecd91270 JavaThread "jar transforms Thread 8" [_thread_blocked, id=28224, stack(0x000000a972d00000,0x000000a972e00000)]
  0x000002a3ecd8f410 JavaThread "jar transforms Thread 9" [_thread_blocked, id=23976, stack(0x000000a972e00000,0x000000a972f00000)]
  0x000002a3ecd90340 JavaThread "jar transforms Thread 10" [_thread_blocked, id=31004, stack(0x000000a973000000,0x000000a973100000)]
  0x000002a3ecd91c90 JavaThread "jar transforms Thread 11" [_thread_blocked, id=428, stack(0x000000a972b00000,0x000000a972c00000)]
  0x000002a3ecd921a0 JavaThread "jar transforms Thread 12" [_thread_blocked, id=37284, stack(0x000000a973300000,0x000000a973400000)]
  0x000002a3ecd94000 JavaThread "Exec process" [_thread_in_native, id=34968, stack(0x000000a96bb00000,0x000000a96bc00000)]
  0x000002a3ecd935e0 JavaThread "Exec process Thread 2" [_thread_in_native, id=17448, stack(0x000000a972500000,0x000000a972600000)]
  0x000002a3ecd926b0 JavaThread "Exec process Thread 3" [_thread_in_native, id=30112, stack(0x000000a972700000,0x000000a972800000)]
  0x000002a3ecd93af0 JavaThread "jar transforms Thread 13" [_thread_blocked, id=27792, stack(0x000000a973400000,0x000000a973500000)]
  0x000002a3ecd90d60 JavaThread "jar transforms Thread 14" [_thread_blocked, id=35148, stack(0x000000a973500000,0x000000a973600000)]
  0x000002a3ecd91780 JavaThread "jar transforms Thread 15" [_thread_blocked, id=5892, stack(0x000000a973700000,0x000000a973800000)]
  0x000002a3ecd96370 JavaThread "jar transforms Thread 16" [_thread_blocked, id=14924, stack(0x000000a973800000,0x000000a973900000)]
  0x000002a3ecd8a310 JavaThread "Cache worker for execution history cache (C:\Project\Pedigree_App\front\android\.gradle\9.0.0\executionHistory)" [_thread_blocked, id=21168, stack(0x000000a973f00000,0x000000a974000000)]

Other Threads:
  0x000002a3e311e010 VMThread "VM Thread" [stack: 0x000000a962800000,0x000000a962900000] [id=17056]
  0x000002a3e33056f0 WatcherThread [stack: 0x000000a963600000,0x000000a963700000] [id=7048]
  0x000002a3a724e800 GCTaskThread "GC Thread#0" [stack: 0x000000a962300000,0x000000a962400000] [id=9980]
  0x000002a3e3b81d20 GCTaskThread "GC Thread#1" [stack: 0x000000a963b00000,0x000000a963c00000] [id=13392]
  0x000002a3e384e460 GCTaskThread "GC Thread#2" [stack: 0x000000a963c00000,0x000000a963d00000] [id=32144]
  0x000002a3e384e720 GCTaskThread "GC Thread#3" [stack: 0x000000a963d00000,0x000000a963e00000] [id=32860]
  0x000002a3e39542d0 GCTaskThread "GC Thread#4" [stack: 0x000000a963e00000,0x000000a963f00000] [id=29068]
  0x000002a3e3954590 GCTaskThread "GC Thread#5" [stack: 0x000000a963f00000,0x000000a964000000] [id=20004]
  0x000002a3e3954850 GCTaskThread "GC Thread#6" [stack: 0x000000a964000000,0x000000a964100000] [id=37856]
  0x000002a3e3954b10 GCTaskThread "GC Thread#7" [stack: 0x000000a964100000,0x000000a964200000] [id=1920]
  0x000002a3e3954dd0 GCTaskThread "GC Thread#8" [stack: 0x000000a964200000,0x000000a964300000] [id=25228]
  0x000002a3e35787d0 GCTaskThread "GC Thread#9" [stack: 0x000000a964300000,0x000000a964400000] [id=25772]
  0x000002a3e3578a90 GCTaskThread "GC Thread#10" [stack: 0x000000a964400000,0x000000a964500000] [id=24080]
  0x000002a3e3578d50 GCTaskThread "GC Thread#11" [stack: 0x000000a964500000,0x000000a964600000] [id=32964]
  0x000002a3e8642f80 GCTaskThread "GC Thread#12" [stack: 0x000000a965200000,0x000000a965300000] [id=1984]
  0x000002a3a7260330 ConcurrentGCThread "G1 Main Marker" [stack: 0x000000a962400000,0x000000a962500000] [id=28416]
  0x000002a3a7260c60 ConcurrentGCThread "G1 Conc#0" [stack: 0x000000a962500000,0x000000a962600000] [id=29672]
  0x000002a3e8641f00 ConcurrentGCThread "G1 Conc#1" [stack: 0x000000a965300000,0x000000a965400000] [id=17016]
  0x000002a3e8642480 ConcurrentGCThread "G1 Conc#2" [stack: 0x000000a965400000,0x000000a965500000] [id=4836]
  0x000002a3a729ec20 ConcurrentGCThread "G1 Refine#0" [stack: 0x000000a962600000,0x000000a962700000] [id=32596]
  0x000002a3eb0b1730 ConcurrentGCThread "G1 Refine#1" [stack: 0x000000a965900000,0x000000a965a00000] [id=31644]
  0x000002a3c7ed1780 ConcurrentGCThread "G1 Service" [stack: 0x000000a962700000,0x000000a962800000] [id=30844]

Threads with active compile tasks:
C2 CompilerThread0  99834 22659       4       javax.management.ObjectName::construct (1135 bytes)

VM state: not at safepoint (normal execution)

VM Mutex/Monitor currently owned by a thread: None

Heap address: 0x0000000080000000, size: 2048 MB, Compressed Oops mode: 32-bit

CDS archive(s) mapped at: [0x000002a3c8000000-0x000002a3c8bb0000-0x000002a3c8bb0000), size 12255232, SharedBaseAddress: 0x000002a3c8000000, ArchiveRelocationMode: 1.
Compressed class space mapped at: 0x000002a3c9000000-0x000002a3e3000000, reserved size: 436207616
Narrow klass base: 0x000002a3c8000000, Narrow klass shift: 0, Narrow klass range: 0x100000000

GC Precious Log:
 CPUs: 16 total, 16 available
 Memory: 32036M
 Large Page Support: Disabled
 NUMA Support: Disabled
 Compressed Oops: Enabled (32-bit)
 Heap Region Size: 1M
 Heap Min Capacity: 8M
 Heap Initial Capacity: 502M
 Heap Max Capacity: 2G
 Pre-touch: Disabled
 Parallel Workers: 13
 Concurrent Workers: 3
 Concurrent Refinement Workers: 13
 Periodic GC: Disabled

Heap:
 garbage-first heap   total 475136K, used 321999K [0x0000000080000000, 0x0000000100000000)
  region size 1024K, 83 young (84992K), 12 survivors (12288K)
 Metaspace       used 129595K, committed 131712K, reserved 557056K
  class space    used 17863K, committed 18880K, reserved 425984K

Heap Regions: E=young(eden), S=young(survivor), O=old, HS=humongous(starts), HC=humongous(continues), CS=collection set, F=free, OA=open archive, CA=closed archive, TAMS=top-at-mark-start (previous, next)
|   0|0x0000000080000000, 0x0000000080100000, 0x0000000080100000|100%|HS|  |TAMS 0x0000000080100000, 0x0000000080000000| Complete 
|   1|0x0000000080100000, 0x0000000080200000, 0x0000000080200000|100%|HC|  |TAMS 0x0000000080200000, 0x0000000080100000| Complete 
|   2|0x0000000080200000, 0x0000000080300000, 0x0000000080300000|100%|HC|  |TAMS 0x0000000080300000, 0x0000000080200000| Complete 
|   3|0x0000000080300000, 0x0000000080400000, 0x0000000080400000|100%| O|  |TAMS 0x0000000080400000, 0x0000000080300000| Untracked 
|   4|0x0000000080400000, 0x0000000080500000, 0x0000000080500000|100%| O|  |TAMS 0x0000000080500000, 0x0000000080400000| Untracked 
|   5|0x0000000080500000, 0x0000000080600000, 0x0000000080600000|100%| O|  |TAMS 0x0000000080600000, 0x0000000080500000| Untracked 
|   6|0x0000000080600000, 0x0000000080700000, 0x0000000080700000|100%|HS|  |TAMS 0x0000000080700000, 0x0000000080600000| Complete 
|   7|0x0000000080700000, 0x0000000080800000, 0x0000000080800000|100%| O|  |TAMS 0x0000000080800000, 0x0000000080700000| Untracked 
|   8|0x0000000080800000, 0x0000000080900000, 0x0000000080900000|100%| O|  |TAMS 0x0000000080900000, 0x0000000080800000| Untracked 
|   9|0x0000000080900000, 0x0000000080a00000, 0x0000000080a00000|100%| O|  |TAMS 0x0000000080a00000, 0x0000000080900000| Untracked 
|  10|0x0000000080a00000, 0x0000000080b00000, 0x0000000080b00000|100%| O|  |TAMS 0x0000000080b00000, 0x0000000080a00000| Untracked 
|  11|0x0000000080b00000, 0x0000000080c00000, 0x0000000080c00000|100%| O|  |TAMS 0x0000000080c00000, 0x0000000080b00000| Untracked 
|  12|0x0000000080c00000, 0x0000000080d00000, 0x0000000080d00000|100%| O|  |TAMS 0x0000000080d00000, 0x0000000080c00000| Untracked 
|  13|0x0000000080d00000, 0x0000000080e00000, 0x0000000080e00000|100%| O|  |TAMS 0x0000000080e00000, 0x0000000080d00000| Untracked 
|  14|0x0000000080e00000, 0x0000000080f00000, 0x0000000080f00000|100%| O|  |TAMS 0x0000000080f00000, 0x0000000080e00000| Untracked 
|  15|0x0000000080f00000, 0x0000000081000000, 0x0000000081000000|100%| O|  |TAMS 0x0000000081000000, 0x0000000080f00000| Untracked 
|  16|0x0000000081000000, 0x0000000081100000, 0x0000000081100000|100%| O|  |TAMS 0x0000000081100000, 0x0000000081000000| Untracked 
|  17|0x0000000081100000, 0x0000000081200000, 0x0000000081200000|100%| O|  |TAMS 0x0000000081200000, 0x0000000081100000| Untracked 
|  18|0x0000000081200000, 0x0000000081300000, 0x0000000081300000|100%| O|  |TAMS 0x0000000081300000, 0x0000000081200000| Untracked 
|  19|0x0000000081300000, 0x0000000081400000, 0x0000000081400000|100%| O|  |TAMS 0x0000000081400000, 0x0000000081300000| Untracked 
|  20|0x0000000081400000, 0x0000000081500000, 0x0000000081500000|100%| O|  |TAMS 0x0000000081500000, 0x0000000081400000| Untracked 
|  21|0x0000000081500000, 0x0000000081600000, 0x0000000081600000|100%| O|  |TAMS 0x0000000081600000, 0x0000000081500000| Untracked 
|  22|0x0000000081600000, 0x0000000081700000, 0x0000000081700000|100%| O|  |TAMS 0x0000000081700000, 0x0000000081600000| Untracked 
|  23|0x0000000081700000, 0x0000000081800000, 0x0000000081800000|100%| O|  |TAMS 0x0000000081800000, 0x0000000081700000| Untracked 
|  24|0x0000000081800000, 0x0000000081900000, 0x0000000081900000|100%| O|  |TAMS 0x0000000081900000, 0x0000000081800000| Untracked 
|  25|0x0000000081900000, 0x0000000081a00000, 0x0000000081a00000|100%| O|  |TAMS 0x0000000081a00000, 0x0000000081900000| Untracked 
|  26|0x0000000081a00000, 0x0000000081b00000, 0x0000000081b00000|100%| O|  |TAMS 0x0000000081b00000, 0x0000000081a00000| Untracked 
|  27|0x0000000081b00000, 0x0000000081c00000, 0x0000000081c00000|100%| O|  |TAMS 0x0000000081c00000, 0x0000000081b00000| Untracked 
|  28|0x0000000081c00000, 0x0000000081d00000, 0x0000000081d00000|100%| O|  |TAMS 0x0000000081d00000, 0x0000000081c00000| Untracked 
|  29|0x0000000081d00000, 0x0000000081e00000, 0x0000000081e00000|100%| O|  |TAMS 0x0000000081e00000, 0x0000000081d00000| Untracked 
|  30|0x0000000081e00000, 0x0000000081f00000, 0x0000000081f00000|100%|HS|  |TAMS 0x0000000081f00000, 0x0000000081e00000| Complete 
|  31|0x0000000081f00000, 0x0000000082000000, 0x0000000082000000|100%|HC|  |TAMS 0x0000000082000000, 0x0000000081f00000| Complete 
|  32|0x0000000082000000, 0x0000000082100000, 0x0000000082100000|100%|HC|  |TAMS 0x0000000082100000, 0x0000000082000000| Complete 
|  33|0x0000000082100000, 0x0000000082200000, 0x0000000082200000|100%|HS|  |TAMS 0x0000000082200000, 0x0000000082100000| Complete 
|  34|0x0000000082200000, 0x0000000082300000, 0x0000000082300000|100%|HC|  |TAMS 0x0000000082300000, 0x0000000082200000| Complete 
|  35|0x0000000082300000, 0x0000000082400000, 0x0000000082400000|100%|HC|  |TAMS 0x0000000082400000, 0x0000000082300000| Complete 
|  36|0x0000000082400000, 0x0000000082500000, 0x0000000082500000|100%| O|  |TAMS 0x0000000082500000, 0x0000000082400000| Untracked 
|  37|0x0000000082500000, 0x0000000082600000, 0x0000000082600000|100%| O|  |TAMS 0x0000000082600000, 0x0000000082500000| Untracked 
|  38|0x0000000082600000, 0x0000000082700000, 0x0000000082700000|100%| O|  |TAMS 0x0000000082700000, 0x0000000082600000| Untracked 
|  39|0x0000000082700000, 0x0000000082800000, 0x0000000082800000|100%| O|  |TAMS 0x0000000082800000, 0x0000000082700000| Untracked 
|  40|0x0000000082800000, 0x0000000082900000, 0x0000000082900000|100%| O|  |TAMS 0x0000000082900000, 0x0000000082800000| Untracked 
|  41|0x0000000082900000, 0x0000000082a00000, 0x0000000082a00000|100%| O|  |TAMS 0x0000000082a00000, 0x0000000082900000| Untracked 
|  42|0x0000000082a00000, 0x0000000082b00000, 0x0000000082b00000|100%| O|  |TAMS 0x0000000082b00000, 0x0000000082a00000| Untracked 
|  43|0x0000000082b00000, 0x0000000082c00000, 0x0000000082c00000|100%| O|  |TAMS 0x0000000082c00000, 0x0000000082b00000| Untracked 
|  44|0x0000000082c00000, 0x0000000082d00000, 0x0000000082d00000|100%| O|  |TAMS 0x0000000082d00000, 0x0000000082c00000| Untracked 
|  45|0x0000000082d00000, 0x0000000082e00000, 0x0000000082e00000|100%| O|  |TAMS 0x0000000082e00000, 0x0000000082d00000| Untracked 
|  46|0x0000000082e00000, 0x0000000082f00000, 0x0000000082f00000|100%| O|  |TAMS 0x0000000082f00000, 0x0000000082e00000| Untracked 
|  47|0x0000000082f00000, 0x0000000083000000, 0x0000000083000000|100%| O|  |TAMS 0x0000000083000000, 0x0000000082f00000| Untracked 
|  48|0x0000000083000000, 0x0000000083100000, 0x0000000083100000|100%| O|  |TAMS 0x0000000083100000, 0x0000000083000000| Untracked 
|  49|0x0000000083100000, 0x0000000083200000, 0x0000000083200000|100%| O|  |TAMS 0x0000000083200000, 0x0000000083100000| Untracked 
|  50|0x0000000083200000, 0x0000000083300000, 0x0000000083300000|100%| O|  |TAMS 0x0000000083300000, 0x0000000083200000| Untracked 
|  51|0x0000000083300000, 0x0000000083400000, 0x0000000083400000|100%| O|  |TAMS 0x0000000083400000, 0x0000000083300000| Untracked 
|  52|0x0000000083400000, 0x0000000083500000, 0x0000000083500000|100%| O|  |TAMS 0x0000000083500000, 0x0000000083400000| Untracked 
|  53|0x0000000083500000, 0x0000000083600000, 0x0000000083600000|100%| O|  |TAMS 0x0000000083600000, 0x0000000083500000| Untracked 
|  54|0x0000000083600000, 0x0000000083700000, 0x0000000083700000|100%| O|  |TAMS 0x0000000083700000, 0x0000000083600000| Untracked 
|  55|0x0000000083700000, 0x0000000083800000, 0x0000000083800000|100%| O|  |TAMS 0x0000000083800000, 0x0000000083700000| Untracked 
|  56|0x0000000083800000, 0x0000000083900000, 0x0000000083900000|100%| O|  |TAMS 0x0000000083900000, 0x0000000083800000| Untracked 
|  57|0x0000000083900000, 0x0000000083a00000, 0x0000000083a00000|100%| O|  |TAMS 0x0000000083a00000, 0x0000000083900000| Untracked 
|  58|0x0000000083a00000, 0x0000000083b00000, 0x0000000083b00000|100%| O|  |TAMS 0x0000000083b00000, 0x0000000083a00000| Untracked 
|  59|0x0000000083b00000, 0x0000000083c00000, 0x0000000083c00000|100%| O|  |TAMS 0x0000000083c00000, 0x0000000083b00000| Untracked 
|  60|0x0000000083c00000, 0x0000000083d00000, 0x0000000083d00000|100%| O|  |TAMS 0x0000000083d00000, 0x0000000083c00000| Untracked 
|  61|0x0000000083d00000, 0x0000000083e00000, 0x0000000083e00000|100%| O|  |TAMS 0x0000000083e00000, 0x0000000083d00000| Untracked 
|  62|0x0000000083e00000, 0x0000000083f00000, 0x0000000083f00000|100%| O|  |TAMS 0x0000000083f00000, 0x0000000083e00000| Untracked 
|  63|0x0000000083f00000, 0x0000000084000000, 0x0000000084000000|100%| O|  |TAMS 0x0000000084000000, 0x0000000083f00000| Untracked 
|  64|0x0000000084000000, 0x0000000084100000, 0x0000000084100000|100%| O|  |TAMS 0x0000000084100000, 0x0000000084000000| Untracked 
|  65|0x0000000084100000, 0x0000000084200000, 0x0000000084200000|100%| O|  |TAMS 0x0000000084200000, 0x0000000084100000| Untracked 
|  66|0x0000000084200000, 0x0000000084300000, 0x0000000084300000|100%| O|  |TAMS 0x0000000084300000, 0x0000000084200000| Untracked 
|  67|0x0000000084300000, 0x0000000084400000, 0x0000000084400000|100%| O|  |TAMS 0x0000000084400000, 0x0000000084300000| Untracked 
|  68|0x0000000084400000, 0x0000000084500000, 0x0000000084500000|100%| O|  |TAMS 0x0000000084500000, 0x0000000084400000| Untracked 
|  69|0x0000000084500000, 0x0000000084600000, 0x0000000084600000|100%| O|  |TAMS 0x0000000084600000, 0x0000000084500000| Untracked 
|  70|0x0000000084600000, 0x0000000084700000, 0x0000000084700000|100%| O|  |TAMS 0x0000000084700000, 0x0000000084600000| Untracked 
|  71|0x0000000084700000, 0x0000000084800000, 0x0000000084800000|100%| O|  |TAMS 0x0000000084800000, 0x0000000084700000| Untracked 
|  72|0x0000000084800000, 0x0000000084900000, 0x0000000084900000|100%| O|  |TAMS 0x0000000084900000, 0x0000000084800000| Untracked 
|  73|0x0000000084900000, 0x0000000084a00000, 0x0000000084a00000|100%|HS|  |TAMS 0x0000000084a00000, 0x0000000084900000| Complete 
|  74|0x0000000084a00000, 0x0000000084b00000, 0x0000000084b00000|100%|HS|  |TAMS 0x0000000084b00000, 0x0000000084a00000| Complete 
|  75|0x0000000084b00000, 0x0000000084c00000, 0x0000000084c00000|100%|HS|  |TAMS 0x0000000084c00000, 0x0000000084b00000| Complete 
|  76|0x0000000084c00000, 0x0000000084d00000, 0x0000000084d00000|100%|HS|  |TAMS 0x0000000084d00000, 0x0000000084c00000| Complete 
|  77|0x0000000084d00000, 0x0000000084e00000, 0x0000000084e00000|100%| O|  |TAMS 0x0000000084e00000, 0x0000000084d00000| Untracked 
|  78|0x0000000084e00000, 0x0000000084f00000, 0x0000000084f00000|100%|HS|  |TAMS 0x0000000084f00000, 0x0000000084e00000| Complete 
|  79|0x0000000084f00000, 0x0000000085000000, 0x0000000085000000|100%|HS|  |TAMS 0x0000000085000000, 0x0000000084f00000| Complete 
|  80|0x0000000085000000, 0x0000000085100000, 0x0000000085100000|100%| O|  |TAMS 0x0000000085100000, 0x0000000085000000| Untracked 
|  81|0x0000000085100000, 0x0000000085200000, 0x0000000085200000|100%| O|  |TAMS 0x0000000085200000, 0x0000000085100000| Untracked 
|  82|0x0000000085200000, 0x0000000085300000, 0x0000000085300000|100%| O|  |TAMS 0x0000000085300000, 0x0000000085200000| Untracked 
|  83|0x0000000085300000, 0x0000000085400000, 0x0000000085400000|100%| O|  |TAMS 0x0000000085400000, 0x0000000085300000| Untracked 
|  84|0x0000000085400000, 0x0000000085500000, 0x0000000085500000|100%| O|  |TAMS 0x0000000085500000, 0x0000000085400000| Untracked 
|  85|0x0000000085500000, 0x0000000085600000, 0x0000000085600000|100%| O|  |TAMS 0x0000000085600000, 0x0000000085500000| Untracked 
|  86|0x0000000085600000, 0x0000000085700000, 0x0000000085700000|100%| O|  |TAMS 0x0000000085700000, 0x0000000085600000| Untracked 
|  87|0x0000000085700000, 0x0000000085800000, 0x0000000085800000|100%| O|  |TAMS 0x0000000085800000, 0x0000000085700000| Untracked 
|  88|0x0000000085800000, 0x0000000085900000, 0x0000000085900000|100%| O|  |TAMS 0x0000000085900000, 0x0000000085800000| Untracked 
|  89|0x0000000085900000, 0x0000000085a00000, 0x0000000085a00000|100%| O|  |TAMS 0x0000000085a00000, 0x0000000085900000| Untracked 
|  90|0x0000000085a00000, 0x0000000085b00000, 0x0000000085b00000|100%| O|  |TAMS 0x0000000085b00000, 0x0000000085a00000| Untracked 
|  91|0x0000000085b00000, 0x0000000085c00000, 0x0000000085c00000|100%| O|  |TAMS 0x0000000085c00000, 0x0000000085b00000| Untracked 
|  92|0x0000000085c00000, 0x0000000085d00000, 0x0000000085d00000|100%| O|  |TAMS 0x0000000085d00000, 0x0000000085c00000| Untracked 
|  93|0x0000000085d00000, 0x0000000085e00000, 0x0000000085e00000|100%| O|  |TAMS 0x0000000085e00000, 0x0000000085d00000| Untracked 
|  94|0x0000000085e00000, 0x0000000085f00000, 0x0000000085f00000|100%| O|  |TAMS 0x0000000085f00000, 0x0000000085e00000| Untracked 
|  95|0x0000000085f00000, 0x0000000086000000, 0x0000000086000000|100%|HS|  |TAMS 0x0000000086000000, 0x0000000085f00000| Complete 
|  96|0x0000000086000000, 0x0000000086100000, 0x0000000086100000|100%| O|  |TAMS 0x0000000086100000, 0x0000000086000000| Untracked 
|  97|0x0000000086100000, 0x0000000086200000, 0x0000000086200000|100%| O|  |TAMS 0x0000000086200000, 0x0000000086100000| Untracked 
|  98|0x0000000086200000, 0x0000000086300000, 0x0000000086300000|100%| O|  |TAMS 0x0000000086300000, 0x0000000086200000| Untracked 
|  99|0x0000000086300000, 0x0000000086400000, 0x0000000086400000|100%|HS|  |TAMS 0x0000000086400000, 0x0000000086300000| Complete 
| 100|0x0000000086400000, 0x0000000086500000, 0x0000000086500000|100%|HC|  |TAMS 0x0000000086500000, 0x0000000086400000| Complete 
| 101|0x0000000086500000, 0x0000000086600000, 0x0000000086600000|100%|HC|  |TAMS 0x0000000086600000, 0x0000000086500000| Complete 
| 102|0x0000000086600000, 0x0000000086700000, 0x0000000086700000|100%| O|  |TAMS 0x0000000086700000, 0x0000000086600000| Untracked 
| 103|0x0000000086700000, 0x0000000086800000, 0x0000000086800000|100%| O|  |TAMS 0x0000000086800000, 0x0000000086700000| Untracked 
| 104|0x0000000086800000, 0x0000000086900000, 0x0000000086900000|100%| O|  |TAMS 0x0000000086900000, 0x0000000086800000| Untracked 
| 105|0x0000000086900000, 0x0000000086a00000, 0x0000000086a00000|100%| O|  |TAMS 0x0000000086a00000, 0x0000000086900000| Untracked 
| 106|0x0000000086a00000, 0x0000000086b00000, 0x0000000086b00000|100%| O|  |TAMS 0x0000000086b00000, 0x0000000086a00000| Untracked 
| 107|0x0000000086b00000, 0x0000000086c00000, 0x0000000086c00000|100%| O|  |TAMS 0x0000000086c00000, 0x0000000086b00000| Untracked 
| 108|0x0000000086c00000, 0x0000000086d00000, 0x0000000086d00000|100%| O|  |TAMS 0x0000000086d00000, 0x0000000086c00000| Untracked 
| 109|0x0000000086d00000, 0x0000000086e00000, 0x0000000086e00000|100%| O|  |TAMS 0x0000000086e00000, 0x0000000086d00000| Untracked 
| 110|0x0000000086e00000, 0x0000000086f00000, 0x0000000086f00000|100%| O|  |TAMS 0x0000000086f00000, 0x0000000086e00000| Untracked 
| 111|0x0000000086f00000, 0x0000000087000000, 0x0000000087000000|100%| O|  |TAMS 0x0000000087000000, 0x0000000086f00000| Untracked 
| 112|0x0000000087000000, 0x0000000087100000, 0x0000000087100000|100%| O|  |TAMS 0x0000000087100000, 0x0000000087000000| Untracked 
| 113|0x0000000087100000, 0x0000000087200000, 0x0000000087200000|100%| O|  |TAMS 0x0000000087200000, 0x0000000087100000| Untracked 
| 114|0x0000000087200000, 0x0000000087300000, 0x0000000087300000|100%| O|  |TAMS 0x0000000087300000, 0x0000000087200000| Untracked 
| 115|0x0000000087300000, 0x0000000087400000, 0x0000000087400000|100%| O|  |TAMS 0x0000000087400000, 0x0000000087300000| Untracked 
| 116|0x0000000087400000, 0x0000000087500000, 0x0000000087500000|100%|HS|  |TAMS 0x0000000087400000, 0x0000000087400000| Complete 
| 117|0x0000000087500000, 0x0000000087600000, 0x0000000087600000|100%|HS|  |TAMS 0x0000000087500000, 0x0000000087500000| Complete 
| 118|0x0000000087600000, 0x0000000087700000, 0x0000000087700000|100%| O|  |TAMS 0x0000000087700000, 0x0000000087600000| Untracked 
| 119|0x0000000087700000, 0x0000000087800000, 0x0000000087800000|100%| O|  |TAMS 0x0000000087800000, 0x0000000087700000| Untracked 
| 120|0x0000000087800000, 0x0000000087900000, 0x0000000087900000|100%| O|  |TAMS 0x0000000087900000, 0x0000000087800000| Untracked 
| 121|0x0000000087900000, 0x0000000087a00000, 0x0000000087a00000|100%| O|  |TAMS 0x0000000087a00000, 0x0000000087900000| Untracked 
| 122|0x0000000087a00000, 0x0000000087b00000, 0x0000000087b00000|100%| O|  |TAMS 0x0000000087b00000, 0x0000000087a00000| Untracked 
| 123|0x0000000087b00000, 0x0000000087c00000, 0x0000000087c00000|100%| O|  |TAMS 0x0000000087c00000, 0x0000000087b00000| Untracked 
| 124|0x0000000087c00000, 0x0000000087d00000, 0x0000000087d00000|100%| O|  |TAMS 0x0000000087d00000, 0x0000000087c00000| Untracked 
| 125|0x0000000087d00000, 0x0000000087e00000, 0x0000000087e00000|100%| O|  |TAMS 0x0000000087e00000, 0x0000000087d00000| Untracked 
| 126|0x0000000087e00000, 0x0000000087f00000, 0x0000000087f00000|100%| O|  |TAMS 0x0000000087f00000, 0x0000000087e00000| Untracked 
| 127|0x0000000087f00000, 0x0000000088000000, 0x0000000088000000|100%| O|  |TAMS 0x0000000088000000, 0x0000000087f00000| Untracked 
| 128|0x0000000088000000, 0x0000000088100000, 0x0000000088100000|100%| O|  |TAMS 0x0000000088100000, 0x0000000088000000| Untracked 
| 129|0x0000000088100000, 0x0000000088200000, 0x0000000088200000|100%|HS|  |TAMS 0x0000000088200000, 0x0000000088100000| Complete 
| 130|0x0000000088200000, 0x0000000088300000, 0x0000000088300000|100%|HS|  |TAMS 0x0000000088300000, 0x0000000088200000| Complete 
| 131|0x0000000088300000, 0x0000000088400000, 0x0000000088400000|100%|HS|  |TAMS 0x0000000088400000, 0x0000000088300000| Complete 
| 132|0x0000000088400000, 0x0000000088500000, 0x0000000088500000|100%| O|  |TAMS 0x0000000088500000, 0x0000000088400000| Untracked 
| 133|0x0000000088500000, 0x0000000088600000, 0x0000000088600000|100%| O|  |TAMS 0x0000000088600000, 0x0000000088500000| Untracked 
| 134|0x0000000088600000, 0x0000000088700000, 0x0000000088700000|100%|HS|  |TAMS 0x0000000088600000, 0x0000000088600000| Complete 
| 135|0x0000000088700000, 0x0000000088800000, 0x0000000088800000|100%| O|  |TAMS 0x0000000088800000, 0x0000000088700000| Untracked 
| 136|0x0000000088800000, 0x0000000088900000, 0x0000000088900000|100%| O|  |TAMS 0x0000000088900000, 0x0000000088800000| Untracked 
| 137|0x0000000088900000, 0x0000000088a00000, 0x0000000088a00000|100%| O|  |TAMS 0x0000000088a00000, 0x0000000088900000| Untracked 
| 138|0x0000000088a00000, 0x0000000088b00000, 0x0000000088b00000|100%|HS|  |TAMS 0x0000000088a00000, 0x0000000088a00000| Complete 
| 139|0x0000000088b00000, 0x0000000088c00000, 0x0000000088c00000|100%| O|  |TAMS 0x0000000088c00000, 0x0000000088b00000| Untracked 
| 140|0x0000000088c00000, 0x0000000088d00000, 0x0000000088d00000|100%| O|  |TAMS 0x0000000088d00000, 0x0000000088c00000| Untracked 
| 141|0x0000000088d00000, 0x0000000088e00000, 0x0000000088e00000|100%| O|  |TAMS 0x0000000088e00000, 0x0000000088d00000| Untracked 
| 142|0x0000000088e00000, 0x0000000088f00000, 0x0000000088f00000|100%| O|  |TAMS 0x0000000088f00000, 0x0000000088e00000| Untracked 
| 143|0x0000000088f00000, 0x0000000089000000, 0x0000000089000000|100%| O|  |TAMS 0x0000000089000000, 0x0000000088f00000| Untracked 
| 144|0x0000000089000000, 0x0000000089100000, 0x0000000089100000|100%| O|  |TAMS 0x0000000089100000, 0x0000000089000000| Untracked 
| 145|0x0000000089100000, 0x0000000089200000, 0x0000000089200000|100%| O|  |TAMS 0x0000000089200000, 0x0000000089100000| Untracked 
| 146|0x0000000089200000, 0x0000000089300000, 0x0000000089300000|100%| O|  |TAMS 0x0000000089300000, 0x0000000089200000| Untracked 
| 147|0x0000000089300000, 0x0000000089400000, 0x0000000089400000|100%|HS|  |TAMS 0x0000000089300000, 0x0000000089300000| Complete 
| 148|0x0000000089400000, 0x0000000089500000, 0x0000000089500000|100%| O|  |TAMS 0x0000000089500000, 0x0000000089400000| Untracked 
| 149|0x0000000089500000, 0x0000000089600000, 0x0000000089600000|100%| O|  |TAMS 0x0000000089600000, 0x0000000089500000| Untracked 
| 150|0x0000000089600000, 0x0000000089700000, 0x0000000089700000|100%| O|  |TAMS 0x0000000089700000, 0x0000000089600000| Untracked 
| 151|0x0000000089700000, 0x0000000089800000, 0x0000000089800000|100%| O|  |TAMS 0x0000000089800000, 0x0000000089700000| Untracked 
| 152|0x0000000089800000, 0x0000000089900000, 0x0000000089900000|100%| O|  |TAMS 0x0000000089900000, 0x0000000089800000| Untracked 
| 153|0x0000000089900000, 0x0000000089a00000, 0x0000000089a00000|100%| O|  |TAMS 0x0000000089a00000, 0x0000000089900000| Untracked 
| 154|0x0000000089a00000, 0x0000000089b00000, 0x0000000089b00000|100%| O|  |TAMS 0x0000000089b00000, 0x0000000089a00000| Untracked 
| 155|0x0000000089b00000, 0x0000000089c00000, 0x0000000089c00000|100%| O|  |TAMS 0x0000000089c00000, 0x0000000089b00000| Untracked 
| 156|0x0000000089c00000, 0x0000000089d00000, 0x0000000089d00000|100%| O|  |TAMS 0x0000000089c62800, 0x0000000089c00000| Untracked 
| 157|0x0000000089d00000, 0x0000000089e00000, 0x0000000089e00000|100%| O|  |TAMS 0x0000000089d00000, 0x0000000089d00000| Untracked 
| 158|0x0000000089e00000, 0x0000000089f00000, 0x0000000089f00000|100%| O|  |TAMS 0x0000000089e00000, 0x0000000089e00000| Untracked 
| 159|0x0000000089f00000, 0x000000008a000000, 0x000000008a000000|100%| O|  |TAMS 0x0000000089f00000, 0x0000000089f00000| Untracked 
| 160|0x000000008a000000, 0x000000008a100000, 0x000000008a100000|100%| O|  |TAMS 0x000000008a000000, 0x000000008a000000| Untracked 
| 161|0x000000008a100000, 0x000000008a200000, 0x000000008a200000|100%| O|  |TAMS 0x000000008a100000, 0x000000008a100000| Untracked 
| 162|0x000000008a200000, 0x000000008a300000, 0x000000008a300000|100%| O|  |TAMS 0x000000008a200000, 0x000000008a200000| Untracked 
| 163|0x000000008a300000, 0x000000008a400000, 0x000000008a400000|100%|HS|  |TAMS 0x000000008a300000, 0x000000008a300000| Complete 
| 164|0x000000008a400000, 0x000000008a500000, 0x000000008a500000|100%|HC|  |TAMS 0x000000008a400000, 0x000000008a400000| Complete 
| 165|0x000000008a500000, 0x000000008a600000, 0x000000008a600000|100%| O|  |TAMS 0x000000008a500000, 0x000000008a500000| Untracked 
| 166|0x000000008a600000, 0x000000008a700000, 0x000000008a700000|100%| O|  |TAMS 0x000000008a600000, 0x000000008a600000| Untracked 
| 167|0x000000008a700000, 0x000000008a800000, 0x000000008a800000|100%| O|  |TAMS 0x000000008a700000, 0x000000008a700000| Untracked 
| 168|0x000000008a800000, 0x000000008a900000, 0x000000008a900000|100%| O|  |TAMS 0x000000008a800000, 0x000000008a800000| Untracked 
| 169|0x000000008a900000, 0x000000008aa00000, 0x000000008aa00000|100%| O|  |TAMS 0x000000008a900000, 0x000000008a900000| Untracked 
| 170|0x000000008aa00000, 0x000000008ab00000, 0x000000008ab00000|100%| O|  |TAMS 0x000000008aa00000, 0x000000008aa00000| Untracked 
| 171|0x000000008ab00000, 0x000000008ac00000, 0x000000008ac00000|100%| O|  |TAMS 0x000000008ab00000, 0x000000008ab00000| Untracked 
| 172|0x000000008ac00000, 0x000000008ad00000, 0x000000008ad00000|100%| O|  |TAMS 0x000000008ac00000, 0x000000008ac00000| Untracked 
| 173|0x000000008ad00000, 0x000000008ae00000, 0x000000008ae00000|100%| O|  |TAMS 0x000000008ad00000, 0x000000008ad00000| Untracked 
| 174|0x000000008ae00000, 0x000000008af00000, 0x000000008af00000|100%| O|  |TAMS 0x000000008ae00000, 0x000000008ae00000| Untracked 
| 175|0x000000008af00000, 0x000000008b000000, 0x000000008b000000|100%| O|  |TAMS 0x000000008af00000, 0x000000008af00000| Untracked 
| 176|0x000000008b000000, 0x000000008b100000, 0x000000008b100000|100%| O|  |TAMS 0x000000008b000000, 0x000000008b000000| Untracked 
| 177|0x000000008b100000, 0x000000008b200000, 0x000000008b200000|100%| O|  |TAMS 0x000000008b100000, 0x000000008b100000| Untracked 
| 178|0x000000008b200000, 0x000000008b300000, 0x000000008b300000|100%| O|  |TAMS 0x000000008b200000, 0x000000008b200000| Untracked 
| 179|0x000000008b300000, 0x000000008b400000, 0x000000008b400000|100%| O|  |TAMS 0x000000008b300000, 0x000000008b300000| Untracked 
| 180|0x000000008b400000, 0x000000008b500000, 0x000000008b500000|100%| O|  |TAMS 0x000000008b400000, 0x000000008b400000| Untracked 
| 181|0x000000008b500000, 0x000000008b600000, 0x000000008b600000|100%| O|  |TAMS 0x000000008b500000, 0x000000008b500000| Untracked 
| 182|0x000000008b600000, 0x000000008b700000, 0x000000008b700000|100%| O|  |TAMS 0x000000008b600000, 0x000000008b600000| Untracked 
| 183|0x000000008b700000, 0x000000008b800000, 0x000000008b800000|100%| O|  |TAMS 0x000000008b700000, 0x000000008b700000| Untracked 
| 184|0x000000008b800000, 0x000000008b900000, 0x000000008b900000|100%| O|  |TAMS 0x000000008b800000, 0x000000008b800000| Untracked 
| 185|0x000000008b900000, 0x000000008ba00000, 0x000000008ba00000|100%| O|  |TAMS 0x000000008b900000, 0x000000008b900000| Untracked 
| 186|0x000000008ba00000, 0x000000008bb00000, 0x000000008bb00000|100%| O|  |TAMS 0x000000008ba00000, 0x000000008ba00000| Untracked 
| 187|0x000000008bb00000, 0x000000008bc00000, 0x000000008bc00000|100%| O|  |TAMS 0x000000008bb00000, 0x000000008bb00000| Untracked 
| 188|0x000000008bc00000, 0x000000008bd00000, 0x000000008bd00000|100%| O|  |TAMS 0x000000008bc00000, 0x000000008bc00000| Untracked 
| 189|0x000000008bd00000, 0x000000008be00000, 0x000000008be00000|100%| O|  |TAMS 0x000000008bd00000, 0x000000008bd00000| Untracked 
| 190|0x000000008be00000, 0x000000008bf00000, 0x000000008bf00000|100%| O|  |TAMS 0x000000008be00000, 0x000000008be00000| Untracked 
| 191|0x000000008bf00000, 0x000000008c000000, 0x000000008c000000|100%| O|  |TAMS 0x000000008bf00000, 0x000000008bf00000| Untracked 
| 192|0x000000008c000000, 0x000000008c100000, 0x000000008c100000|100%| O|  |TAMS 0x000000008c000000, 0x000000008c000000| Untracked 
| 193|0x000000008c100000, 0x000000008c200000, 0x000000008c200000|100%| O|  |TAMS 0x000000008c100000, 0x000000008c100000| Untracked 
| 194|0x000000008c200000, 0x000000008c300000, 0x000000008c300000|100%| O|  |TAMS 0x000000008c200000, 0x000000008c200000| Untracked 
| 195|0x000000008c300000, 0x000000008c400000, 0x000000008c400000|100%| O|  |TAMS 0x000000008c300000, 0x000000008c300000| Untracked 
| 196|0x000000008c400000, 0x000000008c500000, 0x000000008c500000|100%| O|  |TAMS 0x000000008c400000, 0x000000008c400000| Untracked 
| 197|0x000000008c500000, 0x000000008c600000, 0x000000008c600000|100%| O|  |TAMS 0x000000008c500000, 0x000000008c500000| Untracked 
| 198|0x000000008c600000, 0x000000008c700000, 0x000000008c700000|100%| O|  |TAMS 0x000000008c600000, 0x000000008c600000| Untracked 
| 199|0x000000008c700000, 0x000000008c800000, 0x000000008c800000|100%| O|  |TAMS 0x000000008c700000, 0x000000008c700000| Untracked 
| 200|0x000000008c800000, 0x000000008c900000, 0x000000008c900000|100%| O|  |TAMS 0x000000008c800000, 0x000000008c800000| Untracked 
| 201|0x000000008c900000, 0x000000008ca00000, 0x000000008ca00000|100%| O|  |TAMS 0x000000008c900000, 0x000000008c900000| Untracked 
| 202|0x000000008ca00000, 0x000000008cb00000, 0x000000008cb00000|100%| O|  |TAMS 0x000000008ca00000, 0x000000008ca00000| Untracked 
| 203|0x000000008cb00000, 0x000000008cc00000, 0x000000008cc00000|100%| O|  |TAMS 0x000000008cb00000, 0x000000008cb00000| Untracked 
| 204|0x000000008cc00000, 0x000000008cd00000, 0x000000008cd00000|100%| O|  |TAMS 0x000000008cc00000, 0x000000008cc00000| Untracked 
| 205|0x000000008cd00000, 0x000000008ce00000, 0x000000008ce00000|100%| O|  |TAMS 0x000000008cd00000, 0x000000008cd00000| Untracked 
| 206|0x000000008ce00000, 0x000000008cf00000, 0x000000008cf00000|100%| O|  |TAMS 0x000000008ce00000, 0x000000008ce00000| Untracked 
| 207|0x000000008cf00000, 0x000000008d000000, 0x000000008d000000|100%| O|  |TAMS 0x000000008cf00000, 0x000000008cf00000| Untracked 
| 208|0x000000008d000000, 0x000000008d100000, 0x000000008d100000|100%| O|  |TAMS 0x000000008d000000, 0x000000008d000000| Untracked 
| 209|0x000000008d100000, 0x000000008d200000, 0x000000008d200000|100%| O|  |TAMS 0x000000008d100000, 0x000000008d100000| Untracked 
| 210|0x000000008d200000, 0x000000008d300000, 0x000000008d300000|100%| O|  |TAMS 0x000000008d200000, 0x000000008d200000| Untracked 
| 211|0x000000008d300000, 0x000000008d400000, 0x000000008d400000|100%| O|  |TAMS 0x000000008d300000, 0x000000008d300000| Untracked 
| 212|0x000000008d400000, 0x000000008d500000, 0x000000008d500000|100%| O|  |TAMS 0x000000008d400000, 0x000000008d400000| Untracked 
| 213|0x000000008d500000, 0x000000008d600000, 0x000000008d600000|100%| O|  |TAMS 0x000000008d500000, 0x000000008d500000| Untracked 
| 214|0x000000008d600000, 0x000000008d700000, 0x000000008d700000|100%| O|  |TAMS 0x000000008d600000, 0x000000008d600000| Untracked 
| 215|0x000000008d700000, 0x000000008d800000, 0x000000008d800000|100%| O|  |TAMS 0x000000008d700000, 0x000000008d700000| Untracked 
| 216|0x000000008d800000, 0x000000008d900000, 0x000000008d900000|100%| O|  |TAMS 0x000000008d800000, 0x000000008d800000| Untracked 
| 217|0x000000008d900000, 0x000000008da00000, 0x000000008da00000|100%| O|  |TAMS 0x000000008d900000, 0x000000008d900000| Untracked 
| 218|0x000000008da00000, 0x000000008db00000, 0x000000008db00000|100%| O|  |TAMS 0x000000008da00000, 0x000000008da00000| Untracked 
| 219|0x000000008db00000, 0x000000008dc00000, 0x000000008dc00000|100%| O|  |TAMS 0x000000008db00000, 0x000000008db00000| Untracked 
| 220|0x000000008dc00000, 0x000000008dd00000, 0x000000008dd00000|100%| O|  |TAMS 0x000000008dc00000, 0x000000008dc00000| Untracked 
| 221|0x000000008dd00000, 0x000000008de00000, 0x000000008de00000|100%| O|  |TAMS 0x000000008dd00000, 0x000000008dd00000| Untracked 
| 222|0x000000008de00000, 0x000000008df00000, 0x000000008df00000|100%| O|  |TAMS 0x000000008de00000, 0x000000008de00000| Untracked 
| 223|0x000000008df00000, 0x000000008e000000, 0x000000008e000000|100%| O|  |TAMS 0x000000008df00000, 0x000000008df00000| Untracked 
| 224|0x000000008e000000, 0x000000008e100000, 0x000000008e100000|100%| O|  |TAMS 0x000000008e000000, 0x000000008e000000| Untracked 
| 225|0x000000008e100000, 0x000000008e200000, 0x000000008e200000|100%| O|  |TAMS 0x000000008e100000, 0x000000008e100000| Untracked 
| 226|0x000000008e200000, 0x000000008e300000, 0x000000008e300000|100%| O|  |TAMS 0x000000008e200000, 0x000000008e200000| Untracked 
| 227|0x000000008e300000, 0x000000008e400000, 0x000000008e400000|100%| O|  |TAMS 0x000000008e300000, 0x000000008e300000| Untracked 
| 228|0x000000008e400000, 0x000000008e500000, 0x000000008e500000|100%| O|  |TAMS 0x000000008e400000, 0x000000008e400000| Untracked 
| 229|0x000000008e500000, 0x000000008e600000, 0x000000008e600000|100%| O|  |TAMS 0x000000008e500000, 0x000000008e500000| Untracked 
| 230|0x000000008e600000, 0x000000008e700000, 0x000000008e700000|100%| O|  |TAMS 0x000000008e600000, 0x000000008e600000| Untracked 
| 231|0x000000008e700000, 0x000000008e800000, 0x000000008e800000|100%| O|  |TAMS 0x000000008e700000, 0x000000008e700000| Untracked 
| 232|0x000000008e800000, 0x000000008e900000, 0x000000008e900000|100%| O|  |TAMS 0x000000008e800000, 0x000000008e800000| Untracked 
| 233|0x000000008e900000, 0x000000008e9f8c00, 0x000000008ea00000| 97%| O|  |TAMS 0x000000008e900000, 0x000000008e900000| Untracked 
| 234|0x000000008ea00000, 0x000000008ea00000, 0x000000008eb00000|  0%| F|  |TAMS 0x000000008ea00000, 0x000000008ea00000| Untracked 
| 235|0x000000008eb00000, 0x000000008eb00000, 0x000000008ec00000|  0%| F|  |TAMS 0x000000008eb00000, 0x000000008eb00000| Untracked 
| 236|0x000000008ec00000, 0x000000008ec00000, 0x000000008ed00000|  0%| F|  |TAMS 0x000000008ec00000, 0x000000008ec00000| Untracked 
| 237|0x000000008ed00000, 0x000000008ed00000, 0x000000008ee00000|  0%| F|  |TAMS 0x000000008ed00000, 0x000000008ed00000| Untracked 
| 238|0x000000008ee00000, 0x000000008ee00000, 0x000000008ef00000|  0%| F|  |TAMS 0x000000008ee00000, 0x000000008ee00000| Untracked 
| 239|0x000000008ef00000, 0x000000008ef00000, 0x000000008f000000|  0%| F|  |TAMS 0x000000008ef00000, 0x000000008ef00000| Untracked 
| 240|0x000000008f000000, 0x000000008f000000, 0x000000008f100000|  0%| F|  |TAMS 0x000000008f000000, 0x000000008f000000| Untracked 
| 241|0x000000008f100000, 0x000000008f100000, 0x000000008f200000|  0%| F|  |TAMS 0x000000008f100000, 0x000000008f100000| Untracked 
| 242|0x000000008f200000, 0x000000008f200000, 0x000000008f300000|  0%| F|  |TAMS 0x000000008f200000, 0x000000008f200000| Untracked 
| 243|0x000000008f300000, 0x000000008f300000, 0x000000008f400000|  0%| F|  |TAMS 0x000000008f300000, 0x000000008f300000| Untracked 
| 244|0x000000008f400000, 0x000000008f400000, 0x000000008f500000|  0%| F|  |TAMS 0x000000008f400000, 0x000000008f400000| Untracked 
| 245|0x000000008f500000, 0x000000008f500000, 0x000000008f600000|  0%| F|  |TAMS 0x000000008f500000, 0x000000008f500000| Untracked 
| 246|0x000000008f600000, 0x000000008f600000, 0x000000008f700000|  0%| F|  |TAMS 0x000000008f600000, 0x000000008f600000| Untracked 
| 247|0x000000008f700000, 0x000000008f700000, 0x000000008f800000|  0%| F|  |TAMS 0x000000008f700000, 0x000000008f700000| Untracked 
| 248|0x000000008f800000, 0x000000008f800000, 0x000000008f900000|  0%| F|  |TAMS 0x000000008f800000, 0x000000008f800000| Untracked 
| 249|0x000000008f900000, 0x000000008f900000, 0x000000008fa00000|  0%| F|  |TAMS 0x000000008f900000, 0x000000008f900000| Untracked 
| 250|0x000000008fa00000, 0x000000008fa00000, 0x000000008fb00000|  0%| F|  |TAMS 0x000000008fa00000, 0x000000008fa00000| Untracked 
| 251|0x000000008fb00000, 0x000000008fb00000, 0x000000008fc00000|  0%| F|  |TAMS 0x000000008fb00000, 0x000000008fb00000| Untracked 
| 252|0x000000008fc00000, 0x000000008fc00000, 0x000000008fd00000|  0%| F|  |TAMS 0x000000008fc00000, 0x000000008fc00000| Untracked 
| 253|0x000000008fd00000, 0x000000008fd00000, 0x000000008fe00000|  0%| F|  |TAMS 0x000000008fd00000, 0x000000008fd00000| Untracked 
| 254|0x000000008fe00000, 0x000000008fe00000, 0x000000008ff00000|  0%| F|  |TAMS 0x000000008fe00000, 0x000000008fe00000| Untracked 
| 255|0x000000008ff00000, 0x000000008ff00000, 0x0000000090000000|  0%| F|  |TAMS 0x000000008ff00000, 0x000000008ff00000| Untracked 
| 256|0x0000000090000000, 0x0000000090000000, 0x0000000090100000|  0%| F|  |TAMS 0x0000000090000000, 0x0000000090000000| Untracked 
| 257|0x0000000090100000, 0x0000000090100000, 0x0000000090200000|  0%| F|  |TAMS 0x0000000090100000, 0x0000000090100000| Untracked 
| 258|0x0000000090200000, 0x0000000090200000, 0x0000000090300000|  0%| F|  |TAMS 0x0000000090200000, 0x0000000090200000| Untracked 
| 259|0x0000000090300000, 0x0000000090300000, 0x0000000090400000|  0%| F|  |TAMS 0x0000000090300000, 0x0000000090300000| Untracked 
| 260|0x0000000090400000, 0x0000000090400000, 0x0000000090500000|  0%| F|  |TAMS 0x0000000090400000, 0x0000000090400000| Untracked 
| 261|0x0000000090500000, 0x0000000090500000, 0x0000000090600000|  0%| F|  |TAMS 0x0000000090500000, 0x0000000090500000| Untracked 
| 262|0x0000000090600000, 0x0000000090600000, 0x0000000090700000|  0%| F|  |TAMS 0x0000000090600000, 0x0000000090600000| Untracked 
| 263|0x0000000090700000, 0x0000000090700000, 0x0000000090800000|  0%| F|  |TAMS 0x0000000090700000, 0x0000000090700000| Untracked 
| 264|0x0000000090800000, 0x0000000090800000, 0x0000000090900000|  0%| F|  |TAMS 0x0000000090800000, 0x0000000090800000| Untracked 
| 265|0x0000000090900000, 0x0000000090900000, 0x0000000090a00000|  0%| F|  |TAMS 0x0000000090900000, 0x0000000090900000| Untracked 
| 266|0x0000000090a00000, 0x0000000090a00000, 0x0000000090b00000|  0%| F|  |TAMS 0x0000000090a00000, 0x0000000090a00000| Untracked 
| 267|0x0000000090b00000, 0x0000000090b00000, 0x0000000090c00000|  0%| F|  |TAMS 0x0000000090b00000, 0x0000000090b00000| Untracked 
| 268|0x0000000090c00000, 0x0000000090c00000, 0x0000000090d00000|  0%| F|  |TAMS 0x0000000090c00000, 0x0000000090c00000| Untracked 
| 269|0x0000000090d00000, 0x0000000090d00000, 0x0000000090e00000|  0%| F|  |TAMS 0x0000000090d00000, 0x0000000090d00000| Untracked 
| 270|0x0000000090e00000, 0x0000000090e00000, 0x0000000090f00000|  0%| F|  |TAMS 0x0000000090e00000, 0x0000000090e00000| Untracked 
| 271|0x0000000090f00000, 0x0000000090f00000, 0x0000000091000000|  0%| F|  |TAMS 0x0000000090f00000, 0x0000000090f00000| Untracked 
| 272|0x0000000091000000, 0x0000000091000000, 0x0000000091100000|  0%| F|  |TAMS 0x0000000091000000, 0x0000000091000000| Untracked 
| 273|0x0000000091100000, 0x0000000091100000, 0x0000000091200000|  0%| F|  |TAMS 0x0000000091100000, 0x0000000091100000| Untracked 
| 274|0x0000000091200000, 0x0000000091200000, 0x0000000091300000|  0%| F|  |TAMS 0x0000000091200000, 0x0000000091200000| Untracked 
| 275|0x0000000091300000, 0x0000000091300000, 0x0000000091400000|  0%| F|  |TAMS 0x0000000091300000, 0x0000000091300000| Untracked 
| 276|0x0000000091400000, 0x0000000091400000, 0x0000000091500000|  0%| F|  |TAMS 0x0000000091400000, 0x0000000091400000| Untracked 
| 277|0x0000000091500000, 0x0000000091500000, 0x0000000091600000|  0%| F|  |TAMS 0x0000000091500000, 0x0000000091500000| Untracked 
| 278|0x0000000091600000, 0x0000000091600000, 0x0000000091700000|  0%| F|  |TAMS 0x0000000091600000, 0x0000000091600000| Untracked 
| 279|0x0000000091700000, 0x0000000091700000, 0x0000000091800000|  0%| F|  |TAMS 0x0000000091700000, 0x0000000091700000| Untracked 
| 280|0x0000000091800000, 0x0000000091800000, 0x0000000091900000|  0%| F|  |TAMS 0x0000000091800000, 0x0000000091800000| Untracked 
| 281|0x0000000091900000, 0x0000000091900000, 0x0000000091a00000|  0%| F|  |TAMS 0x0000000091900000, 0x0000000091900000| Untracked 
| 282|0x0000000091a00000, 0x0000000091a00000, 0x0000000091b00000|  0%| F|  |TAMS 0x0000000091a00000, 0x0000000091a00000| Untracked 
| 283|0x0000000091b00000, 0x0000000091b00000, 0x0000000091c00000|  0%| F|  |TAMS 0x0000000091b00000, 0x0000000091b00000| Untracked 
| 284|0x0000000091c00000, 0x0000000091c00000, 0x0000000091d00000|  0%| F|  |TAMS 0x0000000091c00000, 0x0000000091c00000| Untracked 
| 285|0x0000000091d00000, 0x0000000091d00000, 0x0000000091e00000|  0%| F|  |TAMS 0x0000000091d00000, 0x0000000091d00000| Untracked 
| 286|0x0000000091e00000, 0x0000000091e00000, 0x0000000091f00000|  0%| F|  |TAMS 0x0000000091e00000, 0x0000000091e00000| Untracked 
| 287|0x0000000091f00000, 0x0000000091f00000, 0x0000000092000000|  0%| F|  |TAMS 0x0000000091f00000, 0x0000000091f00000| Untracked 
| 288|0x0000000092000000, 0x0000000092000000, 0x0000000092100000|  0%| F|  |TAMS 0x0000000092000000, 0x0000000092000000| Untracked 
| 289|0x0000000092100000, 0x0000000092100000, 0x0000000092200000|  0%| F|  |TAMS 0x0000000092100000, 0x0000000092100000| Untracked 
| 290|0x0000000092200000, 0x0000000092200000, 0x0000000092300000|  0%| F|  |TAMS 0x0000000092200000, 0x0000000092200000| Untracked 
| 291|0x0000000092300000, 0x0000000092300000, 0x0000000092400000|  0%| F|  |TAMS 0x0000000092300000, 0x0000000092300000| Untracked 
| 292|0x0000000092400000, 0x0000000092400000, 0x0000000092500000|  0%| F|  |TAMS 0x0000000092400000, 0x0000000092400000| Untracked 
| 293|0x0000000092500000, 0x0000000092500000, 0x0000000092600000|  0%| F|  |TAMS 0x0000000092500000, 0x0000000092500000| Untracked 
| 294|0x0000000092600000, 0x0000000092600000, 0x0000000092700000|  0%| F|  |TAMS 0x0000000092600000, 0x0000000092600000| Untracked 
| 295|0x0000000092700000, 0x0000000092700000, 0x0000000092800000|  0%| F|  |TAMS 0x0000000092700000, 0x0000000092700000| Untracked 
| 296|0x0000000092800000, 0x0000000092800000, 0x0000000092900000|  0%| F|  |TAMS 0x0000000092800000, 0x0000000092800000| Untracked 
| 297|0x0000000092900000, 0x0000000092900000, 0x0000000092a00000|  0%| F|  |TAMS 0x0000000092900000, 0x0000000092900000| Untracked 
| 298|0x0000000092a00000, 0x0000000092a00000, 0x0000000092b00000|  0%| F|  |TAMS 0x0000000092a00000, 0x0000000092a00000| Untracked 
| 299|0x0000000092b00000, 0x0000000092b00000, 0x0000000092c00000|  0%| F|  |TAMS 0x0000000092b00000, 0x0000000092b00000| Untracked 
| 300|0x0000000092c00000, 0x0000000092c00000, 0x0000000092d00000|  0%| F|  |TAMS 0x0000000092c00000, 0x0000000092c00000| Untracked 
| 301|0x0000000092d00000, 0x0000000092d00000, 0x0000000092e00000|  0%| F|  |TAMS 0x0000000092d00000, 0x0000000092d00000| Untracked 
| 302|0x0000000092e00000, 0x0000000092e00000, 0x0000000092f00000|  0%| F|  |TAMS 0x0000000092e00000, 0x0000000092e00000| Untracked 
| 303|0x0000000092f00000, 0x0000000092f00000, 0x0000000093000000|  0%| F|  |TAMS 0x0000000092f00000, 0x0000000092f00000| Untracked 
| 304|0x0000000093000000, 0x0000000093000000, 0x0000000093100000|  0%| F|  |TAMS 0x0000000093000000, 0x0000000093000000| Untracked 
| 305|0x0000000093100000, 0x0000000093100000, 0x0000000093200000|  0%| F|  |TAMS 0x0000000093100000, 0x0000000093100000| Untracked 
| 306|0x0000000093200000, 0x0000000093200000, 0x0000000093300000|  0%| F|  |TAMS 0x0000000093200000, 0x0000000093200000| Untracked 
| 307|0x0000000093300000, 0x000000009337b060, 0x0000000093400000| 48%| S|CS|TAMS 0x0000000093300000, 0x0000000093300000| Complete 
| 308|0x0000000093400000, 0x0000000093500000, 0x0000000093500000|100%| S|CS|TAMS 0x0000000093400000, 0x0000000093400000| Complete 
| 309|0x0000000093500000, 0x0000000093600000, 0x0000000093600000|100%| S|CS|TAMS 0x0000000093500000, 0x0000000093500000| Complete 
| 310|0x0000000093600000, 0x0000000093700000, 0x0000000093700000|100%| S|CS|TAMS 0x0000000093600000, 0x0000000093600000| Complete 
| 311|0x0000000093700000, 0x0000000093800000, 0x0000000093800000|100%| S|CS|TAMS 0x0000000093700000, 0x0000000093700000| Complete 
| 312|0x0000000093800000, 0x0000000093900000, 0x0000000093900000|100%| S|CS|TAMS 0x0000000093800000, 0x0000000093800000| Complete 
| 313|0x0000000093900000, 0x0000000093a00000, 0x0000000093a00000|100%| S|CS|TAMS 0x0000000093900000, 0x0000000093900000| Complete 
| 314|0x0000000093a00000, 0x0000000093b00000, 0x0000000093b00000|100%| S|CS|TAMS 0x0000000093a00000, 0x0000000093a00000| Complete 
| 315|0x0000000093b00000, 0x0000000093c00000, 0x0000000093c00000|100%| S|CS|TAMS 0x0000000093b00000, 0x0000000093b00000| Complete 
| 316|0x0000000093c00000, 0x0000000093d00000, 0x0000000093d00000|100%| S|CS|TAMS 0x0000000093c00000, 0x0000000093c00000| Complete 
| 317|0x0000000093d00000, 0x0000000093e00000, 0x0000000093e00000|100%| S|CS|TAMS 0x0000000093d00000, 0x0000000093d00000| Complete 
| 318|0x0000000093e00000, 0x0000000093f00000, 0x0000000093f00000|100%| S|CS|TAMS 0x0000000093e00000, 0x0000000093e00000| Complete 
| 319|0x0000000093f00000, 0x0000000093f00000, 0x0000000094000000|  0%| F|  |TAMS 0x0000000093f00000, 0x0000000093f00000| Untracked 
| 320|0x0000000094000000, 0x0000000094000000, 0x0000000094100000|  0%| F|  |TAMS 0x0000000094000000, 0x0000000094000000| Untracked 
| 321|0x0000000094100000, 0x0000000094100000, 0x0000000094200000|  0%| F|  |TAMS 0x0000000094100000, 0x0000000094100000| Untracked 
| 322|0x0000000094200000, 0x0000000094200000, 0x0000000094300000|  0%| F|  |TAMS 0x0000000094200000, 0x0000000094200000| Untracked 
| 323|0x0000000094300000, 0x0000000094300000, 0x0000000094400000|  0%| F|  |TAMS 0x0000000094300000, 0x0000000094300000| Untracked 
| 324|0x0000000094400000, 0x0000000094400000, 0x0000000094500000|  0%| F|  |TAMS 0x0000000094400000, 0x0000000094400000| Untracked 
| 325|0x0000000094500000, 0x0000000094500000, 0x0000000094600000|  0%| F|  |TAMS 0x0000000094500000, 0x0000000094500000| Untracked 
| 326|0x0000000094600000, 0x0000000094600000, 0x0000000094700000|  0%| F|  |TAMS 0x0000000094600000, 0x0000000094600000| Untracked 
| 327|0x0000000094700000, 0x0000000094700000, 0x0000000094800000|  0%| F|  |TAMS 0x0000000094700000, 0x0000000094700000| Untracked 
| 328|0x0000000094800000, 0x0000000094800000, 0x0000000094900000|  0%| F|  |TAMS 0x0000000094800000, 0x0000000094800000| Untracked 
| 329|0x0000000094900000, 0x0000000094900000, 0x0000000094a00000|  0%| F|  |TAMS 0x0000000094900000, 0x0000000094900000| Untracked 
| 330|0x0000000094a00000, 0x0000000094a00000, 0x0000000094b00000|  0%| F|  |TAMS 0x0000000094a00000, 0x0000000094a00000| Untracked 
| 331|0x0000000094b00000, 0x0000000094b00000, 0x0000000094c00000|  0%| F|  |TAMS 0x0000000094b00000, 0x0000000094b00000| Untracked 
| 332|0x0000000094c00000, 0x0000000094c00000, 0x0000000094d00000|  0%| F|  |TAMS 0x0000000094c00000, 0x0000000094c00000| Untracked 
| 333|0x0000000094d00000, 0x0000000094d00000, 0x0000000094e00000|  0%| F|  |TAMS 0x0000000094d00000, 0x0000000094d00000| Untracked 
| 334|0x0000000094e00000, 0x0000000094e00000, 0x0000000094f00000|  0%| F|  |TAMS 0x0000000094e00000, 0x0000000094e00000| Untracked 
| 335|0x0000000094f00000, 0x0000000094f00000, 0x0000000095000000|  0%| F|  |TAMS 0x0000000094f00000, 0x0000000094f00000| Untracked 
| 336|0x0000000095000000, 0x0000000095000000, 0x0000000095100000|  0%| F|  |TAMS 0x0000000095000000, 0x0000000095000000| Untracked 
| 337|0x0000000095100000, 0x0000000095100000, 0x0000000095200000|  0%| F|  |TAMS 0x0000000095100000, 0x0000000095100000| Untracked 
| 338|0x0000000095200000, 0x0000000095200000, 0x0000000095300000|  0%| F|  |TAMS 0x0000000095200000, 0x0000000095200000| Untracked 
| 339|0x0000000095300000, 0x0000000095300000, 0x0000000095400000|  0%| F|  |TAMS 0x0000000095300000, 0x0000000095300000| Untracked 
| 340|0x0000000095400000, 0x0000000095400000, 0x0000000095500000|  0%| F|  |TAMS 0x0000000095400000, 0x0000000095400000| Untracked 
| 341|0x0000000095500000, 0x0000000095500000, 0x0000000095600000|  0%| F|  |TAMS 0x0000000095500000, 0x0000000095500000| Untracked 
| 342|0x0000000095600000, 0x0000000095600000, 0x0000000095700000|  0%| F|  |TAMS 0x0000000095600000, 0x0000000095600000| Untracked 
| 343|0x0000000095700000, 0x0000000095700000, 0x0000000095800000|  0%| F|  |TAMS 0x0000000095700000, 0x0000000095700000| Untracked 
| 344|0x0000000095800000, 0x0000000095800000, 0x0000000095900000|  0%| F|  |TAMS 0x0000000095800000, 0x0000000095800000| Untracked 
| 345|0x0000000095900000, 0x0000000095900000, 0x0000000095a00000|  0%| F|  |TAMS 0x0000000095900000, 0x0000000095900000| Untracked 
| 346|0x0000000095a00000, 0x0000000095a00000, 0x0000000095b00000|  0%| F|  |TAMS 0x0000000095a00000, 0x0000000095a00000| Untracked 
| 347|0x0000000095b00000, 0x0000000095b00000, 0x0000000095c00000|  0%| F|  |TAMS 0x0000000095b00000, 0x0000000095b00000| Untracked 
| 348|0x0000000095c00000, 0x0000000095c00000, 0x0000000095d00000|  0%| F|  |TAMS 0x0000000095c00000, 0x0000000095c00000| Untracked 
| 349|0x0000000095d00000, 0x0000000095d00000, 0x0000000095e00000|  0%| F|  |TAMS 0x0000000095d00000, 0x0000000095d00000| Untracked 
| 350|0x0000000095e00000, 0x0000000095e00000, 0x0000000095f00000|  0%| F|  |TAMS 0x0000000095e00000, 0x0000000095e00000| Untracked 
| 351|0x0000000095f00000, 0x0000000095f00000, 0x0000000096000000|  0%| F|  |TAMS 0x0000000095f00000, 0x0000000095f00000| Untracked 
| 352|0x0000000096000000, 0x0000000096000000, 0x0000000096100000|  0%| F|  |TAMS 0x0000000096000000, 0x0000000096000000| Untracked 
| 353|0x0000000096100000, 0x0000000096100000, 0x0000000096200000|  0%| F|  |TAMS 0x0000000096100000, 0x0000000096100000| Untracked 
| 354|0x0000000096200000, 0x0000000096200000, 0x0000000096300000|  0%| F|  |TAMS 0x0000000096200000, 0x0000000096200000| Untracked 
| 355|0x0000000096300000, 0x0000000096300000, 0x0000000096400000|  0%| F|  |TAMS 0x0000000096300000, 0x0000000096300000| Untracked 
| 356|0x0000000096400000, 0x0000000096400000, 0x0000000096500000|  0%| F|  |TAMS 0x0000000096400000, 0x0000000096400000| Untracked 
| 357|0x0000000096500000, 0x0000000096500000, 0x0000000096600000|  0%| F|  |TAMS 0x0000000096500000, 0x0000000096500000| Untracked 
| 358|0x0000000096600000, 0x0000000096600000, 0x0000000096700000|  0%| F|  |TAMS 0x0000000096600000, 0x0000000096600000| Untracked 
| 359|0x0000000096700000, 0x0000000096700000, 0x0000000096800000|  0%| F|  |TAMS 0x0000000096700000, 0x0000000096700000| Untracked 
| 360|0x0000000096800000, 0x0000000096800000, 0x0000000096900000|  0%| F|  |TAMS 0x0000000096800000, 0x0000000096800000| Untracked 
| 361|0x0000000096900000, 0x0000000096900000, 0x0000000096a00000|  0%| F|  |TAMS 0x0000000096900000, 0x0000000096900000| Untracked 
| 362|0x0000000096a00000, 0x0000000096a00000, 0x0000000096b00000|  0%| F|  |TAMS 0x0000000096a00000, 0x0000000096a00000| Untracked 
| 363|0x0000000096b00000, 0x0000000096b00000, 0x0000000096c00000|  0%| F|  |TAMS 0x0000000096b00000, 0x0000000096b00000| Untracked 
| 364|0x0000000096c00000, 0x0000000096c00000, 0x0000000096d00000|  0%| F|  |TAMS 0x0000000096c00000, 0x0000000096c00000| Untracked 
| 365|0x0000000096d00000, 0x0000000096d00000, 0x0000000096e00000|  0%| F|  |TAMS 0x0000000096d00000, 0x0000000096d00000| Untracked 
| 366|0x0000000096e00000, 0x0000000096e00000, 0x0000000096f00000|  0%| F|  |TAMS 0x0000000096e00000, 0x0000000096e00000| Untracked 
| 367|0x0000000096f00000, 0x0000000096f00000, 0x0000000097000000|  0%| F|  |TAMS 0x0000000096f00000, 0x0000000096f00000| Untracked 
| 368|0x0000000097000000, 0x0000000097000000, 0x0000000097100000|  0%| F|  |TAMS 0x0000000097000000, 0x0000000097000000| Untracked 
| 369|0x0000000097100000, 0x0000000097100000, 0x0000000097200000|  0%| F|  |TAMS 0x0000000097100000, 0x0000000097100000| Untracked 
| 370|0x0000000097200000, 0x0000000097200000, 0x0000000097300000|  0%| F|  |TAMS 0x0000000097200000, 0x0000000097200000| Untracked 
| 371|0x0000000097300000, 0x0000000097300000, 0x0000000097400000|  0%| F|  |TAMS 0x0000000097300000, 0x0000000097300000| Untracked 
| 372|0x0000000097400000, 0x0000000097400000, 0x0000000097500000|  0%| F|  |TAMS 0x0000000097400000, 0x0000000097400000| Untracked 
| 373|0x0000000097500000, 0x0000000097500000, 0x0000000097600000|  0%| F|  |TAMS 0x0000000097500000, 0x0000000097500000| Untracked 
| 374|0x0000000097600000, 0x0000000097600000, 0x0000000097700000|  0%| F|  |TAMS 0x0000000097600000, 0x0000000097600000| Untracked 
| 375|0x0000000097700000, 0x0000000097700000, 0x0000000097800000|  0%| F|  |TAMS 0x0000000097700000, 0x0000000097700000| Untracked 
| 376|0x0000000097800000, 0x0000000097800000, 0x0000000097900000|  0%| F|  |TAMS 0x0000000097800000, 0x0000000097800000| Untracked 
| 377|0x0000000097900000, 0x0000000097900000, 0x0000000097a00000|  0%| F|  |TAMS 0x0000000097900000, 0x0000000097900000| Untracked 
| 378|0x0000000097a00000, 0x0000000097a00000, 0x0000000097b00000|  0%| F|  |TAMS 0x0000000097a00000, 0x0000000097a00000| Untracked 
| 379|0x0000000097b00000, 0x0000000097b00000, 0x0000000097c00000|  0%| F|  |TAMS 0x0000000097b00000, 0x0000000097b00000| Untracked 
| 380|0x0000000097c00000, 0x0000000097c00000, 0x0000000097d00000|  0%| F|  |TAMS 0x0000000097c00000, 0x0000000097c00000| Untracked 
| 381|0x0000000097d00000, 0x0000000097d00000, 0x0000000097e00000|  0%| F|  |TAMS 0x0000000097d00000, 0x0000000097d00000| Untracked 
| 382|0x0000000097e00000, 0x0000000097e00000, 0x0000000097f00000|  0%| F|  |TAMS 0x0000000097e00000, 0x0000000097e00000| Untracked 
| 383|0x0000000097f00000, 0x0000000097f00000, 0x0000000098000000|  0%| F|  |TAMS 0x0000000097f00000, 0x0000000097f00000| Untracked 
| 384|0x0000000098000000, 0x0000000098000000, 0x0000000098100000|  0%| F|  |TAMS 0x0000000098000000, 0x0000000098000000| Untracked 
| 385|0x0000000098100000, 0x0000000098100000, 0x0000000098200000|  0%| F|  |TAMS 0x0000000098100000, 0x0000000098100000| Untracked 
| 386|0x0000000098200000, 0x0000000098200000, 0x0000000098300000|  0%| F|  |TAMS 0x0000000098200000, 0x0000000098200000| Untracked 
| 387|0x0000000098300000, 0x0000000098300000, 0x0000000098400000|  0%| F|  |TAMS 0x0000000098300000, 0x0000000098300000| Untracked 
| 388|0x0000000098400000, 0x0000000098400000, 0x0000000098500000|  0%| F|  |TAMS 0x0000000098400000, 0x0000000098400000| Untracked 
| 389|0x0000000098500000, 0x0000000098500000, 0x0000000098600000|  0%| F|  |TAMS 0x0000000098500000, 0x0000000098500000| Untracked 
| 390|0x0000000098600000, 0x0000000098600000, 0x0000000098700000|  0%| F|  |TAMS 0x0000000098600000, 0x0000000098600000| Untracked 
| 391|0x0000000098700000, 0x0000000098700000, 0x0000000098800000|  0%| F|  |TAMS 0x0000000098700000, 0x0000000098700000| Untracked 
| 392|0x0000000098800000, 0x0000000098800000, 0x0000000098900000|  0%| F|  |TAMS 0x0000000098800000, 0x0000000098800000| Untracked 
| 393|0x0000000098900000, 0x00000000989e8d30, 0x0000000098a00000| 90%| E|  |TAMS 0x0000000098900000, 0x0000000098900000| Complete 
| 394|0x0000000098a00000, 0x0000000098b00000, 0x0000000098b00000|100%| E|CS|TAMS 0x0000000098a00000, 0x0000000098a00000| Complete 
| 395|0x0000000098b00000, 0x0000000098c00000, 0x0000000098c00000|100%| E|CS|TAMS 0x0000000098b00000, 0x0000000098b00000| Complete 
| 396|0x0000000098c00000, 0x0000000098d00000, 0x0000000098d00000|100%| E|CS|TAMS 0x0000000098c00000, 0x0000000098c00000| Complete 
| 397|0x0000000098d00000, 0x0000000098e00000, 0x0000000098e00000|100%| E|CS|TAMS 0x0000000098d00000, 0x0000000098d00000| Complete 
| 398|0x0000000098e00000, 0x0000000098f00000, 0x0000000098f00000|100%| E|CS|TAMS 0x0000000098e00000, 0x0000000098e00000| Complete 
| 399|0x0000000098f00000, 0x0000000099000000, 0x0000000099000000|100%| E|CS|TAMS 0x0000000098f00000, 0x0000000098f00000| Complete 
| 400|0x0000000099000000, 0x0000000099100000, 0x0000000099100000|100%| E|CS|TAMS 0x0000000099000000, 0x0000000099000000| Complete 
| 401|0x0000000099100000, 0x0000000099200000, 0x0000000099200000|100%| E|CS|TAMS 0x0000000099100000, 0x0000000099100000| Complete 
| 402|0x0000000099200000, 0x0000000099300000, 0x0000000099300000|100%| E|CS|TAMS 0x0000000099200000, 0x0000000099200000| Complete 
| 403|0x0000000099300000, 0x0000000099400000, 0x0000000099400000|100%| E|CS|TAMS 0x0000000099300000, 0x0000000099300000| Complete 
| 404|0x0000000099400000, 0x0000000099500000, 0x0000000099500000|100%| E|CS|TAMS 0x0000000099400000, 0x0000000099400000| Complete 
| 405|0x0000000099500000, 0x0000000099600000, 0x0000000099600000|100%| E|CS|TAMS 0x0000000099500000, 0x0000000099500000| Complete 
| 406|0x0000000099600000, 0x0000000099700000, 0x0000000099700000|100%| E|CS|TAMS 0x0000000099600000, 0x0000000099600000| Complete 
| 407|0x0000000099700000, 0x0000000099800000, 0x0000000099800000|100%| E|CS|TAMS 0x0000000099700000, 0x0000000099700000| Complete 
| 408|0x0000000099800000, 0x0000000099900000, 0x0000000099900000|100%| E|CS|TAMS 0x0000000099800000, 0x0000000099800000| Complete 
| 409|0x0000000099900000, 0x0000000099a00000, 0x0000000099a00000|100%| E|CS|TAMS 0x0000000099900000, 0x0000000099900000| Complete 
| 410|0x0000000099a00000, 0x0000000099b00000, 0x0000000099b00000|100%| E|CS|TAMS 0x0000000099a00000, 0x0000000099a00000| Complete 
| 411|0x0000000099b00000, 0x0000000099c00000, 0x0000000099c00000|100%| E|CS|TAMS 0x0000000099b00000, 0x0000000099b00000| Complete 
| 412|0x0000000099c00000, 0x0000000099d00000, 0x0000000099d00000|100%| E|CS|TAMS 0x0000000099c00000, 0x0000000099c00000| Complete 
| 413|0x0000000099d00000, 0x0000000099e00000, 0x0000000099e00000|100%| E|CS|TAMS 0x0000000099d00000, 0x0000000099d00000| Complete 
| 414|0x0000000099e00000, 0x0000000099f00000, 0x0000000099f00000|100%| E|CS|TAMS 0x0000000099e00000, 0x0000000099e00000| Complete 
| 415|0x0000000099f00000, 0x000000009a000000, 0x000000009a000000|100%| E|CS|TAMS 0x0000000099f00000, 0x0000000099f00000| Complete 
| 416|0x000000009a000000, 0x000000009a100000, 0x000000009a100000|100%| E|CS|TAMS 0x000000009a000000, 0x000000009a000000| Complete 
| 417|0x000000009a100000, 0x000000009a200000, 0x000000009a200000|100%| E|  |TAMS 0x000000009a100000, 0x000000009a100000| Complete 
| 418|0x000000009a200000, 0x000000009a300000, 0x000000009a300000|100%| E|CS|TAMS 0x000000009a200000, 0x000000009a200000| Complete 
| 419|0x000000009a300000, 0x000000009a400000, 0x000000009a400000|100%| E|CS|TAMS 0x000000009a300000, 0x000000009a300000| Complete 
| 420|0x000000009a400000, 0x000000009a500000, 0x000000009a500000|100%| E|CS|TAMS 0x000000009a400000, 0x000000009a400000| Complete 
| 421|0x000000009a500000, 0x000000009a600000, 0x000000009a600000|100%| E|CS|TAMS 0x000000009a500000, 0x000000009a500000| Complete 
| 422|0x000000009a600000, 0x000000009a700000, 0x000000009a700000|100%| E|CS|TAMS 0x000000009a600000, 0x000000009a600000| Complete 
| 423|0x000000009a700000, 0x000000009a800000, 0x000000009a800000|100%| E|CS|TAMS 0x000000009a700000, 0x000000009a700000| Complete 
| 424|0x000000009a800000, 0x000000009a900000, 0x000000009a900000|100%| E|CS|TAMS 0x000000009a800000, 0x000000009a800000| Complete 
| 425|0x000000009a900000, 0x000000009aa00000, 0x000000009aa00000|100%| E|CS|TAMS 0x000000009a900000, 0x000000009a900000| Complete 
| 426|0x000000009aa00000, 0x000000009ab00000, 0x000000009ab00000|100%| E|CS|TAMS 0x000000009aa00000, 0x000000009aa00000| Complete 
| 427|0x000000009ab00000, 0x000000009ac00000, 0x000000009ac00000|100%| E|CS|TAMS 0x000000009ab00000, 0x000000009ab00000| Complete 
| 428|0x000000009ac00000, 0x000000009ad00000, 0x000000009ad00000|100%| E|CS|TAMS 0x000000009ac00000, 0x000000009ac00000| Complete 
| 429|0x000000009ad00000, 0x000000009ae00000, 0x000000009ae00000|100%| E|CS|TAMS 0x000000009ad00000, 0x000000009ad00000| Complete 
| 430|0x000000009ae00000, 0x000000009af00000, 0x000000009af00000|100%| E|CS|TAMS 0x000000009ae00000, 0x000000009ae00000| Complete 
| 431|0x000000009af00000, 0x000000009b000000, 0x000000009b000000|100%| E|CS|TAMS 0x000000009af00000, 0x000000009af00000| Complete 
| 432|0x000000009b000000, 0x000000009b100000, 0x000000009b100000|100%| E|CS|TAMS 0x000000009b000000, 0x000000009b000000| Complete 
| 433|0x000000009b100000, 0x000000009b200000, 0x000000009b200000|100%| E|CS|TAMS 0x000000009b100000, 0x000000009b100000| Complete 
| 434|0x000000009b200000, 0x000000009b300000, 0x000000009b300000|100%| E|CS|TAMS 0x000000009b200000, 0x000000009b200000| Complete 
| 435|0x000000009b300000, 0x000000009b400000, 0x000000009b400000|100%| E|CS|TAMS 0x000000009b300000, 0x000000009b300000| Complete 
| 436|0x000000009b400000, 0x000000009b500000, 0x000000009b500000|100%| E|CS|TAMS 0x000000009b400000, 0x000000009b400000| Complete 
| 437|0x000000009b500000, 0x000000009b600000, 0x000000009b600000|100%| E|CS|TAMS 0x000000009b500000, 0x000000009b500000| Complete 
| 438|0x000000009b600000, 0x000000009b700000, 0x000000009b700000|100%| E|CS|TAMS 0x000000009b600000, 0x000000009b600000| Complete 
| 439|0x000000009b700000, 0x000000009b800000, 0x000000009b800000|100%| E|CS|TAMS 0x000000009b700000, 0x000000009b700000| Complete 
| 440|0x000000009b800000, 0x000000009b900000, 0x000000009b900000|100%| E|CS|TAMS 0x000000009b800000, 0x000000009b800000| Complete 
| 441|0x000000009b900000, 0x000000009ba00000, 0x000000009ba00000|100%| E|CS|TAMS 0x000000009b900000, 0x000000009b900000| Complete 
| 442|0x000000009ba00000, 0x000000009bb00000, 0x000000009bb00000|100%| E|CS|TAMS 0x000000009ba00000, 0x000000009ba00000| Complete 
| 443|0x000000009bb00000, 0x000000009bc00000, 0x000000009bc00000|100%| E|CS|TAMS 0x000000009bb00000, 0x000000009bb00000| Complete 
| 444|0x000000009bc00000, 0x000000009bd00000, 0x000000009bd00000|100%| E|CS|TAMS 0x000000009bc00000, 0x000000009bc00000| Complete 
| 445|0x000000009bd00000, 0x000000009be00000, 0x000000009be00000|100%| E|CS|TAMS 0x000000009bd00000, 0x000000009bd00000| Complete 
| 446|0x000000009be00000, 0x000000009bf00000, 0x000000009bf00000|100%| E|CS|TAMS 0x000000009be00000, 0x000000009be00000| Complete 
| 447|0x000000009bf00000, 0x000000009c000000, 0x000000009c000000|100%| E|CS|TAMS 0x000000009bf00000, 0x000000009bf00000| Complete 
| 448|0x000000009c000000, 0x000000009c100000, 0x000000009c100000|100%| E|CS|TAMS 0x000000009c000000, 0x000000009c000000| Complete 
| 449|0x000000009c100000, 0x000000009c200000, 0x000000009c200000|100%| E|CS|TAMS 0x000000009c100000, 0x000000009c100000| Complete 
| 450|0x000000009c200000, 0x000000009c300000, 0x000000009c300000|100%| E|CS|TAMS 0x000000009c200000, 0x000000009c200000| Complete 
| 451|0x000000009c300000, 0x000000009c400000, 0x000000009c400000|100%| E|CS|TAMS 0x000000009c300000, 0x000000009c300000| Complete 
| 452|0x000000009c400000, 0x000000009c500000, 0x000000009c500000|100%| E|CS|TAMS 0x000000009c400000, 0x000000009c400000| Complete 
| 453|0x000000009c500000, 0x000000009c600000, 0x000000009c600000|100%| E|CS|TAMS 0x000000009c500000, 0x000000009c500000| Complete 
| 454|0x000000009c600000, 0x000000009c700000, 0x000000009c700000|100%| E|CS|TAMS 0x000000009c600000, 0x000000009c600000| Complete 
| 455|0x000000009c700000, 0x000000009c800000, 0x000000009c800000|100%| E|CS|TAMS 0x000000009c700000, 0x000000009c700000| Complete 
| 456|0x000000009c800000, 0x000000009c900000, 0x000000009c900000|100%| E|CS|TAMS 0x000000009c800000, 0x000000009c800000| Complete 
| 457|0x000000009c900000, 0x000000009ca00000, 0x000000009ca00000|100%| E|CS|TAMS 0x000000009c900000, 0x000000009c900000| Complete 
| 458|0x000000009ca00000, 0x000000009cb00000, 0x000000009cb00000|100%| E|CS|TAMS 0x000000009ca00000, 0x000000009ca00000| Complete 
| 459|0x000000009cb00000, 0x000000009cc00000, 0x000000009cc00000|100%| E|CS|TAMS 0x000000009cb00000, 0x000000009cb00000| Complete 
| 460|0x000000009cc00000, 0x000000009cd00000, 0x000000009cd00000|100%| E|CS|TAMS 0x000000009cc00000, 0x000000009cc00000| Complete 
| 461|0x000000009cd00000, 0x000000009ce00000, 0x000000009ce00000|100%| E|CS|TAMS 0x000000009cd00000, 0x000000009cd00000| Complete 
| 462|0x000000009ce00000, 0x000000009cf00000, 0x000000009cf00000|100%| E|CS|TAMS 0x000000009ce00000, 0x000000009ce00000| Complete 
| 501|0x000000009f500000, 0x000000009f600000, 0x000000009f600000|100%| E|CS|TAMS 0x000000009f500000, 0x000000009f500000| Complete 

Card table byte_map: [0x000002a3c06d0000,0x000002a3c0ad0000] _byte_map_base: 0x000002a3c02d0000

Marking Bits (Prev, Next): (CMBitMap*) 0x000002a3a724ed70, (CMBitMap*) 0x000002a3a724ed30
 Prev Bits: [0x000002a3c2ed0000, 0x000002a3c4ed0000)
 Next Bits: [0x000002a3c0ed0000, 0x000002a3c2ed0000)

Polling page: 0x000002a3a6f30000

Metaspace:

Usage:
  Non-class:    109.11 MB used.
      Class:     17.44 MB used.
       Both:    126.56 MB used.

Virtual space:
  Non-class space:      128.00 MB reserved,     110.19 MB ( 86%) committed,  2 nodes.
      Class space:      416.00 MB reserved,      18.44 MB (  4%) committed,  1 nodes.
             Both:      544.00 MB reserved,     128.62 MB ( 24%) committed. 

Chunk freelists:
   Non-Class:  928.00 KB
       Class:  13.60 MB
        Both:  14.51 MB

MaxMetaspaceSize: 512.00 MB
CompressedClassSpaceSize: 416.00 MB
Initial GC threshold: 21.00 MB
Current GC threshold: 180.94 MB
CDS: on
MetaspaceReclaimPolicy: balanced
 - commit_granule_bytes: 65536.
 - commit_granule_words: 8192.
 - virtual_space_node_default_size: 8388608.
 - enlarge_chunks_in_place: 1.
 - new_chunks_are_fully_committed: 0.
 - uncommit_free_chunks: 1.
 - use_allocation_guard: 0.
 - handle_deallocations: 1.


Internal statistics:

num_allocs_failed_limit: 9.
num_arena_births: 3366.
num_arena_deaths: 0.
num_vsnodes_births: 3.
num_vsnodes_deaths: 0.
num_space_committed: 2057.
num_space_uncommitted: 0.
num_chunks_returned_to_freelist: 9.
num_chunks_taken_from_freelist: 9612.
num_chunk_merges: 9.
num_chunk_splits: 5894.
num_chunks_enlarged: 3311.
num_inconsistent_stats: 0.

CodeHeap 'non-profiled nmethods': size=119168Kb used=14764Kb max_used=15271Kb free=104403Kb
 bounds [0x000002a3b7ec0000, 0x000002a3b8db0000, 0x000002a3bf320000]
CodeHeap 'profiled nmethods': size=119104Kb used=36129Kb max_used=36258Kb free=82974Kb
 bounds [0x000002a3b0320000, 0x000002a3b2690000, 0x000002a3b7770000]
CodeHeap 'non-nmethods': size=7488Kb used=1851Kb max_used=3640Kb free=5636Kb
 bounds [0x000002a3b7770000, 0x000002a3b7b20000, 0x000002a3b7ec0000]
 total_blobs=19523 nmethods=18573 adapters=861
 compilation: enabled
              stopped_count=0, restarted_count=0
 full_count=0

Compilation events (20 events):
Event: 84.922 Thread 0x000002a3e312d8b0 nmethod 22636 0x000002a3b1bf4410 code [0x000002a3b1bf45c0, 0x000002a3b1bf4778]
Event: 84.922 Thread 0x000002a3e312d8b0 22637       3       org.gradle.internal.io.StreamByteBuffer$StreamByteBufferChunk::write (32 bytes)
Event: 84.922 Thread 0x000002a3e312d8b0 nmethod 22637 0x000002a3b1e1ac90 code [0x000002a3b1e1ae40, 0x000002a3b1e1aff8]
Event: 84.922 Thread 0x000002a3e312d8b0 22638       3       org.gradle.internal.io.LineBufferingOutputStream::endsWithLineSeparator (27 bytes)
Event: 84.922 Thread 0x000002a3e312d8b0 nmethod 22638 0x000002a3b1e1a890 code [0x000002a3b1e1aa20, 0x000002a3b1e1abb8]
Event: 84.933 Thread 0x000002a3e312d8b0 22652       3       org.gradle.internal.serialize.BaseSerializerFactory$EnumSerializer::write (10 bytes)
Event: 84.933 Thread 0x000002a3e312d8b0 nmethod 22652 0x000002a3b1e1a210 code [0x000002a3b1e1a3e0, 0x000002a3b1e1a748]
Event: 84.933 Thread 0x000002a3e312d8b0 22653       3       org.gradle.internal.serialize.BaseSerializerFactory$EnumSerializer::write (12 bytes)
Event: 84.933 Thread 0x000002a3e312d8b0 nmethod 22653 0x000002a3b1e19d90 code [0x000002a3b1e19f40, 0x000002a3b1e1a148]
Event: 84.976 Thread 0x000002a3e312d8b0 22654       3       org.gradle.internal.logging.sink.OutputEventRenderer$3::onOutput (114 bytes)
Event: 84.977 Thread 0x000002a3e312d8b0 nmethod 22654 0x000002a3b1a26c10 code [0x000002a3b1a26ea0, 0x000002a3b1a27d38]
Event: 93.140 Thread 0x000002a3e312af90 22655   !   4       java.util.concurrent.LinkedBlockingQueue::poll (128 bytes)
Event: 93.152 Thread 0x000002a3e312af90 nmethod 22655 0x000002a3b83e8c90 code [0x000002a3b83e8ea0, 0x000002a3b83e9ae0]
Event: 93.156 Thread 0x000002a3e312af90 22656       4       org.gradle.launcher.daemon.server.exec.DaemonConnectionBackedEventConsumer$ForwardEvents::moreMessagesToSend (35 bytes)
Event: 93.157 Thread 0x000002a3e312af90 nmethod 22656 0x000002a3b83e8990 code [0x000002a3b83e8b20, 0x000002a3b83e8bd8]
Event: 93.189 Thread 0x000002a3e312af90 22657       4       java.lang.Math::max (12 bytes)
Event: 93.189 Thread 0x000002a3e312af90 nmethod 22657 0x000002a3b83e8690 code [0x000002a3b83e8800, 0x000002a3b83e8858]
Event: 98.994 Thread 0x000002a3e312d8b0 22658       1       org.gradle.cache.internal.filelock.DefaultLockOptions::getMode (5 bytes)
Event: 98.994 Thread 0x000002a3e312d8b0 nmethod 22658 0x000002a3b83e8390 code [0x000002a3b83e8520, 0x000002a3b83e85f8]
Event: 99.438 Thread 0x000002a3e312af90 22659       4       javax.management.ObjectName::construct (1135 bytes)

GC Heap History (20 events):
Event: 43.233 GC heap before
{Heap before GC invocations=55 (full 0):
 garbage-first heap   total 188416K, used 168948K [0x0000000080000000, 0x0000000100000000)
  region size 1024K, 9 young (9216K), 2 survivors (2048K)
 Metaspace       used 109791K, committed 111168K, reserved 557056K
  class space    used 15315K, committed 16000K, reserved 425984K
}
Event: 43.234 GC heap after
{Heap after GC invocations=56 (full 0):
 garbage-first heap   total 188416K, used 163732K [0x0000000080000000, 0x0000000100000000)
  region size 1024K, 2 young (2048K), 2 survivors (2048K)
 Metaspace       used 109791K, committed 111168K, reserved 557056K
  class space    used 15315K, committed 16000K, reserved 425984K
}
Event: 43.289 GC heap before
{Heap before GC invocations=56 (full 0):
 garbage-first heap   total 281600K, used 169876K [0x0000000080000000, 0x0000000100000000)
  region size 1024K, 9 young (9216K), 2 survivors (2048K)
 Metaspace       used 109791K, committed 111168K, reserved 557056K
  class space    used 15315K, committed 16000K, reserved 425984K
}
Event: 43.290 GC heap after
{Heap after GC invocations=57 (full 0):
 garbage-first heap   total 281600K, used 164603K [0x0000000080000000, 0x0000000100000000)
  region size 1024K, 2 young (2048K), 2 survivors (2048K)
 Metaspace       used 109791K, committed 111168K, reserved 557056K
  class space    used 15315K, committed 16000K, reserved 425984K
}
Event: 43.568 GC heap before
{Heap before GC invocations=58 (full 0):
 garbage-first heap   total 281600K, used 225019K [0x0000000080000000, 0x0000000100000000)
  region size 1024K, 62 young (63488K), 2 survivors (2048K)
 Metaspace       used 109791K, committed 111168K, reserved 557056K
  class space    used 15315K, committed 16000K, reserved 425984K
}
Event: 43.570 GC heap after
{Heap after GC invocations=59 (full 0):
 garbage-first heap   total 475136K, used 166715K [0x0000000080000000, 0x0000000100000000)
  region size 1024K, 4 young (4096K), 4 survivors (4096K)
 Metaspace       used 109791K, committed 111168K, reserved 557056K
  class space    used 15315K, committed 16000K, reserved 425984K
}
Event: 43.683 GC heap before
{Heap before GC invocations=59 (full 0):
 garbage-first heap   total 475136K, used 185147K [0x0000000080000000, 0x0000000100000000)
  region size 1024K, 23 young (23552K), 4 survivors (4096K)
 Metaspace       used 109791K, committed 111168K, reserved 557056K
  class space    used 15315K, committed 16000K, reserved 425984K
}
Event: 43.686 GC heap after
{Heap after GC invocations=60 (full 0):
 garbage-first heap   total 475136K, used 163473K [0x0000000080000000, 0x0000000100000000)
  region size 1024K, 3 young (3072K), 3 survivors (3072K)
 Metaspace       used 109791K, committed 111168K, reserved 557056K
  class space    used 15315K, committed 16000K, reserved 425984K
}
Event: 50.894 GC heap before
{Heap before GC invocations=60 (full 0):
 garbage-first heap   total 475136K, used 364177K [0x0000000080000000, 0x0000000100000000)
  region size 1024K, 196 young (200704K), 3 survivors (3072K)
 Metaspace       used 111685K, committed 113344K, reserved 557056K
  class space    used 15627K, committed 16384K, reserved 425984K
}
Event: 50.901 GC heap after
{Heap after GC invocations=61 (full 0):
 garbage-first heap   total 475136K, used 187694K [0x0000000080000000, 0x0000000100000000)
  region size 1024K, 24 young (24576K), 24 survivors (24576K)
 Metaspace       used 111685K, committed 113344K, reserved 557056K
  class space    used 15627K, committed 16384K, reserved 425984K
}
Event: 56.370 GC heap before
{Heap before GC invocations=61 (full 0):
 garbage-first heap   total 475136K, used 370990K [0x0000000080000000, 0x0000000100000000)
  region size 1024K, 199 young (203776K), 24 survivors (24576K)
 Metaspace       used 114560K, committed 116288K, reserved 557056K
  class space    used 16016K, committed 16832K, reserved 425984K
}
Event: 56.379 GC heap after
{Heap after GC invocations=62 (full 0):
 garbage-first heap   total 475136K, used 214096K [0x0000000080000000, 0x0000000100000000)
  region size 1024K, 25 young (25600K), 25 survivors (25600K)
 Metaspace       used 114560K, committed 116288K, reserved 557056K
  class space    used 16016K, committed 16832K, reserved 425984K
}
Event: 58.043 GC heap before
{Heap before GC invocations=62 (full 0):
 garbage-first heap   total 475136K, used 370768K [0x0000000080000000, 0x0000000100000000)
  region size 1024K, 178 young (182272K), 25 survivors (25600K)
 Metaspace       used 122883K, committed 124672K, reserved 557056K
  class space    used 17091K, committed 17984K, reserved 425984K
}
Event: 58.052 GC heap after
{Heap after GC invocations=63 (full 0):
 garbage-first heap   total 475136K, used 226732K [0x0000000080000000, 0x0000000100000000)
  region size 1024K, 13 young (13312K), 13 survivors (13312K)
 Metaspace       used 122883K, committed 124672K, reserved 557056K
  class space    used 17091K, committed 17984K, reserved 425984K
}
Event: 60.390 GC heap before
{Heap before GC invocations=63 (full 0):
 garbage-first heap   total 475136K, used 381356K [0x0000000080000000, 0x0000000100000000)
  region size 1024K, 160 young (163840K), 13 survivors (13312K)
 Metaspace       used 126931K, committed 128960K, reserved 557056K
  class space    used 17559K, committed 18496K, reserved 425984K
}
Event: 60.397 GC heap after
{Heap after GC invocations=64 (full 0):
 garbage-first heap   total 475136K, used 241664K [0x0000000080000000, 0x0000000100000000)
  region size 1024K, 15 young (15360K), 15 survivors (15360K)
 Metaspace       used 126931K, committed 128960K, reserved 557056K
  class space    used 17559K, committed 18496K, reserved 425984K
}
Event: 62.629 GC heap before
{Heap before GC invocations=64 (full 0):
 garbage-first heap   total 475136K, used 381952K [0x0000000080000000, 0x0000000100000000)
  region size 1024K, 153 young (156672K), 15 survivors (15360K)
 Metaspace       used 128192K, committed 130304K, reserved 557056K
  class space    used 17721K, committed 18688K, reserved 425984K
}
Event: 62.634 GC heap after
{Heap after GC invocations=65 (full 0):
 garbage-first heap   total 475136K, used 246755K [0x0000000080000000, 0x0000000100000000)
  region size 1024K, 7 young (7168K), 7 survivors (7168K)
 Metaspace       used 128192K, committed 130304K, reserved 557056K
  class space    used 17721K, committed 18688K, reserved 425984K
}
Event: 66.684 GC heap before
{Heap before GC invocations=65 (full 0):
 garbage-first heap   total 475136K, used 387042K [0x0000000080000000, 0x0000000100000000)
  region size 1024K, 145 young (148480K), 7 survivors (7168K)
 Metaspace       used 128848K, committed 130944K, reserved 557056K
  class space    used 17769K, committed 18752K, reserved 425984K
}
Event: 66.687 GC heap after
{Heap after GC invocations=66 (full 0):
 garbage-first heap   total 475136K, used 251343K [0x0000000080000000, 0x0000000100000000)
  region size 1024K, 12 young (12288K), 12 survivors (12288K)
 Metaspace       used 128848K, committed 130944K, reserved 557056K
  class space    used 17769K, committed 18752K, reserved 425984K
}

Dll operation events (15 events):
Event: 0.033 Loaded shared library C:\Users\sadd2\AppData\Local\Programs\Eclipse Adoptium\jdk-17.0.19.10-hotspot\bin\java.dll
Event: 0.045 Loaded shared library C:\Users\sadd2\AppData\Local\Programs\Eclipse Adoptium\jdk-17.0.19.10-hotspot\bin\jsvml.dll
Event: 0.079 Loaded shared library C:\Users\sadd2\AppData\Local\Programs\Eclipse Adoptium\jdk-17.0.19.10-hotspot\bin\zip.dll
Event: 0.082 Loaded shared library C:\Users\sadd2\AppData\Local\Programs\Eclipse Adoptium\jdk-17.0.19.10-hotspot\bin\instrument.dll
Event: 0.085 Loaded shared library C:\Users\sadd2\AppData\Local\Programs\Eclipse Adoptium\jdk-17.0.19.10-hotspot\bin\net.dll
Event: 0.086 Loaded shared library C:\Users\sadd2\AppData\Local\Programs\Eclipse Adoptium\jdk-17.0.19.10-hotspot\bin\nio.dll
Event: 0.088 Loaded shared library C:\Users\sadd2\AppData\Local\Programs\Eclipse Adoptium\jdk-17.0.19.10-hotspot\bin\zip.dll
Event: 0.269 Loaded shared library C:\Users\sadd2\AppData\Local\Programs\Eclipse Adoptium\jdk-17.0.19.10-hotspot\bin\jimage.dll
Event: 0.406 Loaded shared library C:\Users\sadd2\AppData\Local\Programs\Eclipse Adoptium\jdk-17.0.19.10-hotspot\bin\verify.dll
Event: 0.425 Loaded shared library C:\Users\sadd2\.gradle\native\1def1411415f61bf3af743bc5b6707747c0891f09f0c88961ee8f79bc544acac\windows-amd64\native-platform.dll
Event: 0.465 Loaded shared library C:\Users\sadd2\.gradle\native\0.2.8\x86_64-windows-gnu\gradle-fileevents.dll
Event: 8.393 Loaded shared library C:\Users\sadd2\AppData\Local\Programs\Eclipse Adoptium\jdk-17.0.19.10-hotspot\bin\management.dll
Event: 8.395 Loaded shared library C:\Users\sadd2\AppData\Local\Programs\Eclipse Adoptium\jdk-17.0.19.10-hotspot\bin\management_ext.dll
Event: 8.781 Loaded shared library C:\Users\sadd2\AppData\Local\Programs\Eclipse Adoptium\jdk-17.0.19.10-hotspot\bin\extnet.dll
Event: 9.056 Loaded shared library C:\Users\sadd2\AppData\Local\Programs\Eclipse Adoptium\jdk-17.0.19.10-hotspot\bin\sunmscapi.dll

Deoptimization events (20 events):
Event: 84.919 Thread 0x000002a3ecd926b0 Uncommon trap: trap_request=0xffffff45 fr.pc=0x000002a3b8c65160 relative=0x0000000000000500
Event: 84.919 Thread 0x000002a3ecd926b0 Uncommon trap: reason=unstable_if action=reinterpret pc=0x000002a3b8c65160 method=org.gradle.internal.logging.text.AbstractLineChoppingStyledTextOutput$2.execute(Lorg/gradle/internal/logging/text/AbstractLineChoppingStyledTextOutput$StateContext;)V @ 34 c
Event: 84.919 Thread 0x000002a3ecd926b0 DEOPT PACKING pc=0x000002a3b8c65160 sp=0x000000a9727fe0c0
Event: 84.919 Thread 0x000002a3ecd926b0 DEOPT UNPACKING pc=0x000002a3b77ca1a3 sp=0x000000a9727fdfc0 mode 2
Event: 84.919 Thread 0x000002a3ecd926b0 Uncommon trap: trap_request=0xffffff45 fr.pc=0x000002a3b7ee31d4 relative=0x00000000000001b4
Event: 84.919 Thread 0x000002a3ecd926b0 Uncommon trap: reason=unstable_if action=reinterpret pc=0x000002a3b7ee31d4 method=java.lang.String.indexOf(II)I @ 4 c2
Event: 84.919 Thread 0x000002a3ecd926b0 DEOPT PACKING pc=0x000002a3b7ee31d4 sp=0x000000a9727fdbd0
Event: 84.919 Thread 0x000002a3ecd926b0 DEOPT UNPACKING pc=0x000002a3b77ca1a3 sp=0x000000a9727fdb70 mode 2
Event: 84.919 Thread 0x000002a3ecd926b0 Uncommon trap: trap_request=0xffffff45 fr.pc=0x000002a3b7fb14d4 relative=0x00000000000000b4
Event: 84.919 Thread 0x000002a3ecd926b0 Uncommon trap: reason=unstable_if action=reinterpret pc=0x000002a3b7fb14d4 method=java.lang.String.charAt(I)C @ 4 c2
Event: 84.919 Thread 0x000002a3ecd926b0 DEOPT PACKING pc=0x000002a3b7fb14d4 sp=0x000000a9727fdfc0
Event: 84.919 Thread 0x000002a3ecd926b0 DEOPT UNPACKING pc=0x000002a3b77ca1a3 sp=0x000000a9727fdef0 mode 2
Event: 84.919 Thread 0x000002a3ecd926b0 Uncommon trap: trap_request=0xffffff45 fr.pc=0x000002a3b8c65da4 relative=0x0000000000000364
Event: 84.919 Thread 0x000002a3ecd926b0 Uncommon trap: reason=unstable_if action=reinterpret pc=0x000002a3b8c65da4 method=org.gradle.internal.logging.text.AbstractLineChoppingStyledTextOutput$2.execute(Lorg/gradle/internal/logging/text/AbstractLineChoppingStyledTextOutput$StateContext;)V @ 34 c
Event: 84.919 Thread 0x000002a3ecd926b0 DEOPT PACKING pc=0x000002a3b8c65da4 sp=0x000000a9727fe020
Event: 84.919 Thread 0x000002a3ecd926b0 DEOPT UNPACKING pc=0x000002a3b77ca1a3 sp=0x000000a9727fdfe0 mode 2
Event: 84.933 Thread 0x000002a3e3284450 Uncommon trap: trap_request=0xffffff45 fr.pc=0x000002a3b8d4b5c8 relative=0x00000000000003e8
Event: 84.933 Thread 0x000002a3e3284450 Uncommon trap: reason=unstable_if action=reinterpret pc=0x000002a3b8d4b5c8 method=com.esotericsoftware.kryo.io.Output.writeString(Ljava/lang/CharSequence;)V @ 83 c2
Event: 84.933 Thread 0x000002a3e3284450 DEOPT PACKING pc=0x000002a3b8d4b5c8 sp=0x000000a964bfeb30
Event: 84.933 Thread 0x000002a3e3284450 DEOPT UNPACKING pc=0x000002a3b77ca1a3 sp=0x000000a964bfeab0 mode 2

Classes loaded (20 events):
Event: 59.862 Loading class java/util/concurrent/RejectedExecutionException
Event: 59.862 Loading class java/util/concurrent/RejectedExecutionException done
Event: 59.863 Loading class java/util/concurrent/atomic/AtomicLongFieldUpdater
Event: 59.863 Loading class java/util/concurrent/atomic/AtomicLongFieldUpdater done
Event: 59.863 Loading class java/util/concurrent/atomic/AtomicLongFieldUpdater$CASUpdater
Event: 59.864 Loading class java/util/concurrent/atomic/AtomicLongFieldUpdater$CASUpdater done
Event: 59.864 Loading class java/util/concurrent/atomic/AtomicLongFieldUpdater$CASUpdater$1
Event: 59.864 Loading class java/util/concurrent/atomic/AtomicLongFieldUpdater$CASUpdater$1 done
Event: 59.881 Loading class java/nio/file/Files$2
Event: 59.881 Loading class java/nio/file/Files$2 done
Event: 60.019 Loading class java/util/zip/Adler32
Event: 60.020 Loading class java/util/zip/Adler32 done
Event: 60.333 Loading class java/nio/channels/Channels$1
Event: 60.334 Loading class java/nio/channels/Channels$1 done
Event: 60.958 Loading class jdk/internal/reflect/UnsafeQualifiedBooleanFieldAccessorImpl
Event: 60.959 Loading class jdk/internal/reflect/UnsafeQualifiedBooleanFieldAccessorImpl done
Event: 61.050 Loading class jdk/internal/reflect/UnsafeByteFieldAccessorImpl
Event: 61.050 Loading class jdk/internal/reflect/UnsafeByteFieldAccessorImpl done
Event: 61.068 Loading class java/time/Instant$1
Event: 61.069 Loading class java/time/Instant$1 done

Classes unloaded (0 events):
No events

Classes redefined (0 events):
No events

Internal exceptions (20 events):
Event: 64.852 Thread 0x000002a3e9d6ff00 Exception <a 'sun/nio/fs/WindowsException'{0x000000009b76dc98}> (0x000000009b76dc98) 
thrown [s\src\hotspot\share\prims\jni.cpp, line 516]
Event: 65.692 Thread 0x000002a3e9d6ff00 Exception <a 'sun/nio/fs/WindowsException'{0x000000009afa6878}> (0x000000009afa6878) 
thrown [s\src\hotspot\share\prims\jni.cpp, line 516]
Event: 65.692 Thread 0x000002a3e9d6ff00 Exception <a 'sun/nio/fs/WindowsException'{0x000000009afa99e0}> (0x000000009afa99e0) 
thrown [s\src\hotspot\share\prims\jni.cpp, line 516]
Event: 65.700 Thread 0x000002a3e9d71850 Exception <a 'sun/nio/fs/WindowsException'{0x000000009ae23428}> (0x000000009ae23428) 
thrown [s\src\hotspot\share\prims\jni.cpp, line 516]
Event: 65.700 Thread 0x000002a3e9d71850 Exception <a 'sun/nio/fs/WindowsException'{0x000000009ae26350}> (0x000000009ae26350) 
thrown [s\src\hotspot\share\prims\jni.cpp, line 516]
Event: 65.723 Thread 0x000002a3e9d71850 Exception <a 'sun/nio/fs/WindowsException'{0x000000009ad892c0}> (0x000000009ad892c0) 
thrown [s\src\hotspot\share\prims\jni.cpp, line 516]
Event: 65.724 Thread 0x000002a3e9d71850 Exception <a 'sun/nio/fs/WindowsException'{0x000000009ad8c110}> (0x000000009ad8c110) 
thrown [s\src\hotspot\share\prims\jni.cpp, line 516]
Event: 65.875 Thread 0x000002a3e9d71850 Exception <a 'java/lang/NoSuchMethodError'{0x000000009909a7a0}: static Lcom/android/build/api/variant/BuildConfigField;.<clinit>()V> (0x000000009909a7a0) 
thrown [s\src\hotspot\share\prims\jni.cpp, line 1112]
Event: 65.882 Thread 0x000002a3e9d71850 Exception <a 'sun/nio/fs/WindowsException'{0x0000000098f04a70}> (0x0000000098f04a70) 
thrown [s\src\hotspot\share\prims\jni.cpp, line 516]
Event: 66.083 Thread 0x000002a3e9d71850 Exception <a 'java/lang/NoSuchMethodError'{0x0000000097d2c4b0}: static Ljava/lang/Object;.<clinit>()V> (0x0000000097d2c4b0) 
thrown [s\src\hotspot\share\prims\jni.cpp, line 1112]
Event: 66.214 Thread 0x000002a3e9d71850 Implicit null exception at 0x000002a3b89cc0d4 to 0x000002a3b89cc134
Event: 66.231 Thread 0x000002a3e9d71850 Exception <a 'java/lang/NoSuchMethodError'{0x0000000096d08578}: static Ljava/lang/Object;.<clinit>()V> (0x0000000096d08578) 
thrown [s\src\hotspot\share\prims\jni.cpp, line 1112]
Event: 66.263 Thread 0x000002a3e9d71850 Implicit null exception at 0x000002a3b8cfa60f to 0x000002a3b8cfb0ec
Event: 66.274 Thread 0x000002a3e9d71850 Implicit null exception at 0x000002a3b8cfca9c to 0x000002a3b8cfd44c
Event: 66.277 Thread 0x000002a3e9d6ff00 Exception <a 'sun/nio/fs/WindowsException'{0x0000000096bcd518}> (0x0000000096bcd518) 
thrown [s\src\hotspot\share\prims\jni.cpp, line 516]
Event: 66.310 Thread 0x000002a3e9d6ff00 Exception <a 'sun/nio/fs/WindowsException'{0x00000000969d0aa0}> (0x00000000969d0aa0) 
thrown [s\src\hotspot\share\prims\jni.cpp, line 516]
Event: 66.347 Thread 0x000002a3e9d6ff00 Exception <a 'sun/nio/fs/WindowsException'{0x0000000096780b20}> (0x0000000096780b20) 
thrown [s\src\hotspot\share\prims\jni.cpp, line 516]
Event: 66.614 Thread 0x000002a3e9d72c90 Exception <a 'sun/nio/fs/WindowsException'{0x0000000094c18620}> (0x0000000094c18620) 
thrown [s\src\hotspot\share\prims\jni.cpp, line 516]
Event: 66.740 Thread 0x000002a3e9d71d60 Exception <a 'sun/nio/fs/WindowsException'{0x000000009ca817e8}> (0x000000009ca817e8) 
thrown [s\src\hotspot\share\prims\jni.cpp, line 516]
Event: 66.794 Thread 0x000002a3e9d736b0 Exception <a 'sun/nio/fs/WindowsException'{0x000000009c5054a8}> (0x000000009c5054a8) 
thrown [s\src\hotspot\share\prims\jni.cpp, line 516]

VM Operations (20 events):
Event: 66.296 Executing VM operation: HandshakeAllThreads
Event: 66.297 Executing VM operation: HandshakeAllThreads done
Event: 66.631 Executing VM operation: ICBufferFull
Event: 66.631 Executing VM operation: ICBufferFull done
Event: 66.684 Executing VM operation: G1CollectForAllocation
Event: 66.688 Executing VM operation: G1CollectForAllocation done
Event: 67.419 Executing VM operation: HandshakeAllThreads
Event: 67.419 Executing VM operation: HandshakeAllThreads done
Event: 68.432 Executing VM operation: Cleanup
Event: 68.432 Executing VM operation: Cleanup done
Event: 69.440 Executing VM operation: Cleanup
Event: 69.440 Executing VM operation: Cleanup done
Event: 73.457 Executing VM operation: Cleanup
Event: 73.458 Executing VM operation: Cleanup done
Event: 82.523 Executing VM operation: Cleanup
Event: 82.523 Executing VM operation: Cleanup done
Event: 85.548 Executing VM operation: Cleanup
Event: 85.548 Executing VM operation: Cleanup done
Event: 93.608 Executing VM operation: Cleanup
Event: 93.609 Executing VM operation: Cleanup done

Memory protections (0 events):
No events

Nmethod flushes (20 events):
Event: 66.321 Thread 0x000002a3e312e1c0 flushing  nmethod 0x000002a3b1e19910
Event: 66.321 Thread 0x000002a3e312e1c0 flushing  nmethod 0x000002a3b1e66810
Event: 66.323 Thread 0x000002a3e312e1c0 flushing  nmethod 0x000002a3b225b410
Event: 66.323 Thread 0x000002a3e312e1c0 flushing  nmethod 0x000002a3b2266890
Event: 66.323 Thread 0x000002a3e312e1c0 flushing  nmethod 0x000002a3b2298d10
Event: 66.323 Thread 0x000002a3e312e1c0 flushing  nmethod 0x000002a3b2305a10
Event: 66.323 Thread 0x000002a3e312e1c0 flushing  nmethod 0x000002a3b2305e10
Event: 66.323 Thread 0x000002a3e312e1c0 flushing  nmethod 0x000002a3b2320a10
Event: 66.324 Thread 0x000002a3e312e1c0 flushing  nmethod 0x000002a3b2403910
Event: 66.324 Thread 0x000002a3e312e1c0 flushing  nmethod 0x000002a3b2433790
Event: 66.324 Thread 0x000002a3e312e1c0 flushing  nmethod 0x000002a3b246fa10
Event: 66.324 Thread 0x000002a3e312e1c0 flushing  nmethod 0x000002a3b2470390
Event: 66.324 Thread 0x000002a3e312e1c0 flushing  nmethod 0x000002a3b2470790
Event: 66.324 Thread 0x000002a3e312e1c0 flushing  nmethod 0x000002a3b2475810
Event: 66.324 Thread 0x000002a3e312e1c0 flushing  nmethod 0x000002a3b2477d10
Event: 66.324 Thread 0x000002a3e312e1c0 flushing  nmethod 0x000002a3b248c210
Event: 66.324 Thread 0x000002a3e312e1c0 flushing  nmethod 0x000002a3b24e0190
Event: 66.325 Thread 0x000002a3e312e1c0 flushing  nmethod 0x000002a3b2540890
Event: 66.325 Thread 0x000002a3e312e1c0 flushing  nmethod 0x000002a3b2542690
Event: 66.325 Thread 0x000002a3e312e1c0 flushing  nmethod 0x000002a3b2545090

Events (20 events):
Event: 60.776 Thread 0x000002a3e3ba1b40 Thread exited: 0x000002a3e3ba1b40
Event: 60.801 Thread 0x000002a3e3ba0600 Thread exited: 0x000002a3e3ba0600
Event: 61.305 Thread 0x000002a3e3b9f610 Thread exited: 0x000002a3e3b9f610
Event: 61.305 Thread 0x000002a3e3b9db80 Thread exited: 0x000002a3e3b9db80
Event: 62.337 Thread 0x000002a3e312af90 Thread added: 0x000002a3e3ba0b50
Event: 63.211 Thread 0x000002a3e3ba0b50 Thread exited: 0x000002a3e3ba0b50
Event: 65.804 Thread 0x000002a3e312af90 Thread added: 0x000002a3e3ba10a0
Event: 65.995 Thread 0x000002a3e3b9a660 Thread added: 0x000002a3e3b9e620
Event: 65.995 Thread 0x000002a3e3b9a660 Thread added: 0x000002a3e3b9f610
Event: 67.022 Thread 0x000002a3e3b9f610 Thread exited: 0x000002a3e3b9f610
Event: 67.368 Thread 0x000002a3e3b9e620 Thread exited: 0x000002a3e3b9e620
Event: 68.986 Thread 0x000002a3e3b9a660 Thread exited: 0x000002a3e3b9a660
Event: 68.986 Thread 0x000002a3e3b9c640 Thread exited: 0x000002a3e3b9c640
Event: 68.986 Thread 0x000002a3e3b9b100 Thread exited: 0x000002a3e3b9b100
Event: 68.986 Thread 0x000002a3e3ba10a0 Thread exited: 0x000002a3e3ba10a0
Event: 81.986 Thread 0x000002a3e9d6efd0 Thread exited: 0x000002a3e9d6efd0
Event: 81.986 Thread 0x000002a3e9d6db90 Thread exited: 0x000002a3e9d6db90
Event: 82.001 Thread 0x000002a3e9d6d680 Thread exited: 0x000002a3e9d6d680
Event: 84.920 Thread 0x000002a3e312d8b0 Thread added: 0x000002a3e3b9c640
Event: 89.981 Thread 0x000002a3e3b9c640 Thread exited: 0x000002a3e3b9c640


Dynamic libraries:
0x00007ff64e810000 - 0x00007ff64e81e000 	C:\Users\sadd2\AppData\Local\Programs\Eclipse Adoptium\jdk-17.0.19.10-hotspot\bin\java.exe
0x00007ffc6c2c0000 - 0x00007ffc6c527000 	C:\WINDOWS\SYSTEM32\ntdll.dll
0x00007ffc6aa70000 - 0x00007ffc6ab3b000 	C:\WINDOWS\System32\KERNEL32.DLL
0x00007ffc69b10000 - 0x00007ffc69f12000 	C:\WINDOWS\System32\KERNELBASE.dll
0x00007ffc69580000 - 0x00007ffc696cc000 	C:\WINDOWS\System32\ucrtbase.dll
0x00007ffc2dfc0000 - 0x00007ffc2dfd8000 	C:\Users\sadd2\AppData\Local\Programs\Eclipse Adoptium\jdk-17.0.19.10-hotspot\bin\jli.dll
0x00007ffc2e960000 - 0x00007ffc2e97e000 	C:\Users\sadd2\AppData\Local\Programs\Eclipse Adoptium\jdk-17.0.19.10-hotspot\bin\VCRUNTIME140.dll
0x00007ffc6ba10000 - 0x00007ffc6bbdf000 	C:\WINDOWS\System32\USER32.dll
0x00007ffc69fb0000 - 0x00007ffc69fd7000 	C:\WINDOWS\System32\win32u.dll
0x00007ffc4cfb0000 - 0x00007ffc4d240000 	C:\WINDOWS\WinSxS\amd64_microsoft.windows.common-controls_6595b64144ccf1df_6.0.26100.9278_none_3e0d1ba8e3303201\COMCTL32.dll
0x00007ffc6b9e0000 - 0x00007ffc6ba0b000 	C:\WINDOWS\System32\GDI32.dll
0x00007ffc6c030000 - 0x00007ffc6c0d9000 	C:\WINDOWS\System32\msvcrt.dll
0x00007ffc699e0000 - 0x00007ffc69b09000 	C:\WINDOWS\System32\gdi32full.dll
0x00007ffc696e0000 - 0x00007ffc69783000 	C:\WINDOWS\System32\msvcp_win.dll
0x00007ffc6a6e0000 - 0x00007ffc6a711000 	C:\WINDOWS\System32\IMM32.DLL
0x00007ffc4f7d0000 - 0x00007ffc4f7dc000 	C:\Users\sadd2\AppData\Local\Programs\Eclipse Adoptium\jdk-17.0.19.10-hotspot\bin\vcruntime140_1.dll
0x00007ffbe24b0000 - 0x00007ffbe253d000 	C:\Users\sadd2\AppData\Local\Programs\Eclipse Adoptium\jdk-17.0.19.10-hotspot\bin\msvcp140.dll
0x00007ffba8ae0000 - 0x00007ffba974c000 	C:\Users\sadd2\AppData\Local\Programs\Eclipse Adoptium\jdk-17.0.19.10-hotspot\bin\server\jvm.dll
0x00007ffc69fe0000 - 0x00007ffc6a09c000 	C:\WINDOWS\System32\ADVAPI32.dll
0x00007ffc6a630000 - 0x00007ffc6a6d9000 	C:\WINDOWS\System32\sechost.dll
0x00007ffc6ac90000 - 0x00007ffc6ada8000 	C:\WINDOWS\System32\RPCRT4.dll
0x00007ffc6a590000 - 0x00007ffc6a610000 	C:\WINDOWS\System32\WS2_32.dll
0x00007ffc60d10000 - 0x00007ffc60d1b000 	C:\WINDOWS\SYSTEM32\VERSION.dll
0x00007ffc67fb0000 - 0x00007ffc6800e000 	C:\WINDOWS\SYSTEM32\POWRPROF.dll
0x00007ffc605a0000 - 0x00007ffc605d6000 	C:\WINDOWS\SYSTEM32\WINMM.dll
0x00007ffc67f90000 - 0x00007ffc67fa5000 	C:\WINDOWS\SYSTEM32\UMPDC.dll
0x00007ffc68270000 - 0x00007ffc6828b000 	C:\WINDOWS\SYSTEM32\kernel.appcore.dll
0x00007ffc42350000 - 0x00007ffc4235a000 	C:\Users\sadd2\AppData\Local\Programs\Eclipse Adoptium\jdk-17.0.19.10-hotspot\bin\jimage.dll
0x00007ffc663f0000 - 0x00007ffc6663c000 	C:\WINDOWS\SYSTEM32\DBGHELP.DLL
0x00007ffc6adb0000 - 0x00007ffc6b135000 	C:\WINDOWS\System32\combase.dll
0x00007ffc6a8c0000 - 0x00007ffc6a999000 	C:\WINDOWS\System32\OLEAUT32.dll
0x00007ffc47cf0000 - 0x00007ffc47d2b000 	C:\WINDOWS\SYSTEM32\dbgcore.DLL
0x00007ffc69790000 - 0x00007ffc6983c000 	C:\WINDOWS\System32\bcryptPrimitives.dll
0x00007ffc30270000 - 0x00007ffc3027e000 	C:\Users\sadd2\AppData\Local\Programs\Eclipse Adoptium\jdk-17.0.19.10-hotspot\bin\instrument.dll
0x00007ffc20340000 - 0x00007ffc20365000 	C:\Users\sadd2\AppData\Local\Programs\Eclipse Adoptium\jdk-17.0.19.10-hotspot\bin\java.dll
0x00007ffbe23d0000 - 0x00007ffbe24a7000 	C:\Users\sadd2\AppData\Local\Programs\Eclipse Adoptium\jdk-17.0.19.10-hotspot\bin\jsvml.dll
0x00007ffc6b240000 - 0x00007ffc6b9d8000 	C:\WINDOWS\System32\SHELL32.dll
0x00007ffc66f00000 - 0x00007ffc677ae000 	C:\WINDOWS\SYSTEM32\windows.storage.dll
0x00007ffc6b140000 - 0x00007ffc6b23b000 	C:\WINDOWS\System32\SHCORE.dll
0x00007ffc6a9a0000 - 0x00007ffc6aa06000 	C:\WINDOWS\System32\shlwapi.dll
0x00007ffc693e0000 - 0x00007ffc69409000 	C:\WINDOWS\SYSTEM32\profapi.dll
0x00007ffc16190000 - 0x00007ffc161a8000 	C:\Users\sadd2\AppData\Local\Programs\Eclipse Adoptium\jdk-17.0.19.10-hotspot\bin\zip.dll
0x00007ffc20210000 - 0x00007ffc2022a000 	C:\Users\sadd2\AppData\Local\Programs\Eclipse Adoptium\jdk-17.0.19.10-hotspot\bin\net.dll
0x00007ffc60960000 - 0x00007ffc60a8a000 	C:\WINDOWS\SYSTEM32\WINHTTP.dll
0x00007ffc68810000 - 0x00007ffc6887c000 	C:\WINDOWS\system32\mswsock.dll
0x00007ffc16740000 - 0x00007ffc16756000 	C:\Users\sadd2\AppData\Local\Programs\Eclipse Adoptium\jdk-17.0.19.10-hotspot\bin\nio.dll
0x00007ffc31ea0000 - 0x00007ffc31eb0000 	C:\Users\sadd2\AppData\Local\Programs\Eclipse Adoptium\jdk-17.0.19.10-hotspot\bin\verify.dll
0x00007ffc13bb0000 - 0x00007ffc13bd7000 	C:\Users\sadd2\.gradle\native\1def1411415f61bf3af743bc5b6707747c0891f09f0c88961ee8f79bc544acac\windows-amd64\native-platform.dll
0x00007ffbcbd90000 - 0x00007ffbcbe07000 	C:\Users\sadd2\.gradle\native\0.2.8\x86_64-windows-gnu\gradle-fileevents.dll
0x00007ffc38940000 - 0x00007ffc3894a000 	C:\Users\sadd2\AppData\Local\Programs\Eclipse Adoptium\jdk-17.0.19.10-hotspot\bin\management.dll
0x00007ffc35610000 - 0x00007ffc3561c000 	C:\Users\sadd2\AppData\Local\Programs\Eclipse Adoptium\jdk-17.0.19.10-hotspot\bin\management_ext.dll
0x00007ffc6a620000 - 0x00007ffc6a628000 	C:\WINDOWS\System32\PSAPI.DLL
0x00007ffc67c40000 - 0x00007ffc67c73000 	C:\WINDOWS\SYSTEM32\IPHLPAPI.DLL
0x00007ffc6c170000 - 0x00007ffc6c17a000 	C:\WINDOWS\System32\NSI.dll
0x00007ffc60da0000 - 0x00007ffc60dbd000 	C:\WINDOWS\SYSTEM32\dhcpcsvc6.DLL
0x00007ffc60ce0000 - 0x00007ffc60d05000 	C:\WINDOWS\SYSTEM32\dhcpcsvc.DLL
0x00007ffc67c80000 - 0x00007ffc67dd8000 	C:\WINDOWS\SYSTEM32\DNSAPI.dll
0x00007ffc68610000 - 0x00007ffc6861d000 	C:\WINDOWS\SYSTEM32\DSPARSE.dll
0x00007ffc30520000 - 0x00007ffc30529000 	C:\Users\sadd2\AppData\Local\Programs\Eclipse Adoptium\jdk-17.0.19.10-hotspot\bin\extnet.dll
0x00007ffc68c30000 - 0x00007ffc68c4b000 	C:\WINDOWS\SYSTEM32\CRYPTSP.dll
0x00007ffc681d0000 - 0x00007ffc68209000 	C:\WINDOWS\system32\rsaenh.dll
0x00007ffc688c0000 - 0x00007ffc688f4000 	C:\WINDOWS\SYSTEM32\USERENV.dll
0x00007ffc693b0000 - 0x00007ffc693da000 	C:\WINDOWS\SYSTEM32\bcrypt.dll
0x00007ffc68a70000 - 0x00007ffc68a7c000 	C:\WINDOWS\SYSTEM32\CRYPTBASE.dll
0x00007ffc300e0000 - 0x00007ffc300ee000 	C:\Users\sadd2\AppData\Local\Programs\Eclipse Adoptium\jdk-17.0.19.10-hotspot\bin\sunmscapi.dll
0x00007ffc69850000 - 0x00007ffc699ce000 	C:\WINDOWS\System32\CRYPT32.dll
0x00007ffc68da0000 - 0x00007ffc68dd0000 	C:\WINDOWS\SYSTEM32\ncrypt.dll
0x00007ffc68d50000 - 0x00007ffc68d8f000 	C:\WINDOWS\SYSTEM32\NTASN1.dll
0x00007ffc20140000 - 0x00007ffc20148000 	C:\WINDOWS\system32\wshunix.dll
0x00007ffc60750000 - 0x00007ffc6075b000 	C:\Windows\System32\rasadhlp.dll
0x00007ffc61300000 - 0x00007ffc61386000 	C:\WINDOWS\System32\fwpuclnt.dll
0x00007ffc65f80000 - 0x00007ffc6601f000 	C:\WINDOWS\system32\apphelp.dll

dbghelp: loaded successfully - version: 4.0.5 - missing functions: none
symbol engine: initialized successfully - sym options: 0x614 - pdb path: .;C:\Users\sadd2\AppData\Local\Programs\Eclipse Adoptium\jdk-17.0.19.10-hotspot\bin;C:\WINDOWS\SYSTEM32;C:\WINDOWS\WinSxS\amd64_microsoft.windows.common-controls_6595b64144ccf1df_6.0.26100.9278_none_3e0d1ba8e3303201;C:\Users\sadd2\AppData\Local\Programs\Eclipse Adoptium\jdk-17.0.19.10-hotspot\bin\server;C:\Users\sadd2\.gradle\native\1def1411415f61bf3af743bc5b6707747c0891f09f0c88961ee8f79bc544acac\windows-amd64;C:\Users\sadd2\.gradle\native\0.2.8\x86_64-windows-gnu

VM Arguments:
jvm_args: --add-opens=java.base/java.lang=ALL-UNNAMED --add-opens=java.base/java.lang.invoke=ALL-UNNAMED --add-opens=java.base/java.util=ALL-UNNAMED --add-opens=java.prefs/java.util.prefs=ALL-UNNAMED --add-exports=jdk.compiler/com.sun.tools.javac.api=ALL-UNNAMED --add-exports=jdk.compiler/com.sun.tools.javac.util=ALL-UNNAMED --add-opens=java.base/java.util=ALL-UNNAMED --add-opens=java.prefs/java.util.prefs=ALL-UNNAMED --add-opens=java.base/java.nio.charset=ALL-UNNAMED --add-opens=java.base/java.net=ALL-UNNAMED --add-opens=java.base/java.util.concurrent=ALL-UNNAMED --add-opens=java.base/java.util.concurrent.atomic=ALL-UNNAMED --add-opens=java.xml/javax.xml.namespace=ALL-UNNAMED -XX:MaxMetaspaceSize=512m -Xmx2048m -Dfile.encoding=x-windows-949 -Duser.country=KR -Duser.language=ko -Duser.variant -javaagent:C:\Users\sadd2\.gradle\wrapper\dists\gradle-9.0.0-bin\d6wjpkvcgsg3oed0qlfss3wgl\gradle-9.0.0\lib\agents\gradle-instrumentation-agent-9.0.0.jar 
java_command: org.gradle.launcher.daemon.bootstrap.GradleDaemon 9.0.0
java_class_path (initial): C:\Users\sadd2\.gradle\wrapper\dists\gradle-9.0.0-bin\d6wjpkvcgsg3oed0qlfss3wgl\gradle-9.0.0\lib\gradle-daemon-main-9.0.0.jar
Launcher Type: SUN_STANDARD

[Global flags]
     intx CICompilerCount                          = 12                                        {product} {ergonomic}
   size_t CompressedClassSpaceSize                 = 436207616                                 {product} {ergonomic}
     uint ConcGCThreads                            = 3                                         {product} {ergonomic}
     uint G1ConcRefinementThreads                  = 13                                        {product} {ergonomic}
   size_t G1HeapRegionSize                         = 1048576                                   {product} {ergonomic}
    uintx GCDrainStackTargetSize                   = 64                                        {product} {ergonomic}
   size_t InitialHeapSize                          = 526385152                                 {product} {ergonomic}
   size_t MarkStackSize                            = 4194304                                   {product} {ergonomic}
   size_t MaxHeapSize                              = 2147483648                                {product} {command line}
   size_t MaxMetaspaceSize                         = 536870912                                 {product} {command line}
   size_t MaxNewSize                               = 1287651328                                {product} {ergonomic}
   size_t MinHeapDeltaBytes                        = 1048576                                   {product} {ergonomic}
   size_t MinHeapSize                              = 8388608                                   {product} {ergonomic}
    uintx NonNMethodCodeHeapSize                   = 7602480                                {pd product} {ergonomic}
    uintx NonProfiledCodeHeapSize                  = 122027880                              {pd product} {ergonomic}
    uintx ProfiledCodeHeapSize                     = 122027880                              {pd product} {ergonomic}
    uintx ReservedCodeCacheSize                    = 251658240                              {pd product} {ergonomic}
     bool SegmentedCodeCache                       = true                                      {product} {ergonomic}
   size_t SoftMaxHeapSize                          = 2147483648                             {manageable} {ergonomic}
     bool UseCompressedClassPointers               = true                           {product lp64_product} {ergonomic}
     bool UseCompressedOops                        = true                           {product lp64_product} {ergonomic}
     bool UseG1GC                                  = true                                      {product} {ergonomic}
     bool UseLargePagesIndividualAllocation        = false                                  {pd product} {ergonomic}

Logging:
Log output configuration:
 #0: stdout all=warning uptime,level,tags
 #1: stderr all=off uptime,level,tags

Environment Variables:
JAVA_HOME=C:\Users\sadd2\AppData\Local\Programs\Eclipse Adoptium\jdk-17.0.19.10-hotspot
PATH=c:\Users\sadd2\AppData\Roaming\Code\User\globalStorage\github.copilot-chat\debugCommand;c:\Users\sadd2\AppData\Roaming\Code\User\globalStorage\github.copilot-chat\copilotCli;C:\Program Files (x86)\NAT Service;C:\Program Files\ImageMagick-7.1.2-Q16-HDRI;C:\WINDOWS\system32;C:\WINDOWS;C:\WINDOWS\System32\Wbem;C:\WINDOWS\System32\WindowsPowerShell\v1.0\;C:\WINDOWS\System32\OpenSSH\;C:\Program Files (x86)\NVIDIA Corporation\PhysX\Common;C:\Program Files\NVIDIA Corporation\NVIDIA App\NvDLISR;C:\Program Files\dotnet\;C:\Program Files\nodejs\;C:\Program Files\Git\cmd;C:\Program Files\Bandizip\;C:\Program Files\gs\gs10.07.1\bin;C:\Users\sadd2\AppData\Local\Android\Sdk\platform-tools;C:\Users\sadd2\AppData\Local\Android\Sdk\emulator;C:\Users\sadd2\AppData\Local\Programs\Eclipse Adoptium\jdk-17.0.19.10-hotspot\bin;C:\Program Files (x86)\Windows Kits\10\Windows Performance Toolkit\;C:\Program Files\MATLAB\R2026a\bin;C:\Program Files\Cloudflare\Cloudflare WARP\;C:\Users\sadd2\AppData\Local\Android\Sdk\tools;C:\Users\sadd2\AppData\Local\Android\Sdk\tools;C:\Users\sadd2\AppData\Local\Android\Sdk\tools;C:\Users\sadd2\AppData\Local\Programs\Python\Python310\Scripts\;C:\Users\sadd2\AppData\Local\Programs\Python\Python310\;C:\Users\sadd2\AppData\Local\Microsoft\WindowsApps;C:\Users\sadd2\AppData\Roaming\npm;C:\Users\sadd2\AppData\Local\Python\bin;C:\Users\sadd2\AppData\Local\Programs\Microsoft VS Code\bin;C:\Users\sadd2\AppData\Local\Programs\cursor\resources\app\bin;C:\Users\sadd2\AppData\Local\GitHubDesktop\bin;C:\Users\sadd2\AppData\Local\Android\Sdk\platform-tools;C:\Users\sadd2\AppData\Local\Programs\Eclipse Adoptium\jdk-17.0.19.10-hotspot\bin;C:\Users\sadd2\.dotnet\tools;C:\Users\sadd2\AppData\Local\Microsoft\WinGet\Packages\aria2.aria2_Microsoft.Winget.Source_8wekyb3d8bbwe\aria2-1.37.0-win-64bit-build1;
USERNAME=sadd2
LANG=en_US.UTF-8
OS=Windows_NT
PROCESSOR_IDENTIFIER=AMD64 Family 25 Model 117 Stepping 2, AuthenticAMD
TMP=C:\Users\sadd2\AppData\Local\Temp
TEMP=C:\Users\sadd2\AppData\Local\Temp



Periodic native trim disabled


---------------  S Y S T E M  ---------------

OS:
 Windows 11 , 64 bit Build 26100 (10.0.26100.9444)
OS uptime: 1 days 3:18 hours
Hyper-V role detected

CPU: total 16 (initial active 16) (16 cores per cpu, 2 threads per core) family 25 model 117 stepping 2 microcode 0xa70520a, cx8, cmov, fxsr, ht, mmx, 3dnowpref, sse, sse2, sse3, ssse3, sse4a, sse4.1, sse4.2, popcnt, lzcnt, tsc, tscinvbit, avx, avx2, aes, erms, clmul, bmi1, bmi2, adx, avx512f, avx512dq, avx512cd, avx512bw, avx512vl, sha, fma, vzeroupper, avx512_vpopcntdq, avx512_vpclmulqdq, avx512_vaes, avx512_vnni, clflush, clflushopt, avx512_vbmi2, avx512_vbmi, hv
Processor Information for all 16 processors :
  Max Mhz: 3801, Current Mhz: 3801, Mhz Limit: 3801

Memory: 4k page, system-wide physical 32036M (3246M free)
TotalPageFile size 42036M (AvailPageFile size 33M)
current process WorkingSet (physical memory assigned to process): 889M, peak: 959M
current process commit charge ("private bytes"): 961M, peak: 1028M

vm_info: OpenJDK 64-Bit Server VM (17.0.19+10) for windows-amd64 JRE (17.0.19+10), built on Apr 25 2026 08:04:44 by "admin" with MS VC++ 17.12 (VS2022)

END.
